,Path,Path,Slice Name,Slice Name,Alias(s),Alias(s),Min,Min,Max,Max,Must Support?,Must Support?,Is Modifier?,Is Modifier?,Is Summary?,Is Summary?,Type(s),Type(s),Short,Short,Definition,Definition,Comments,Comments,Requirements,Requirements,Default Value,Default Value,Meaning When Missing,Meaning When Missing,Example,Example,Binding Strength,Binding Strength,Binding Description,Binding Description,Binding Value Set,Binding Value Set,Slicing Discriminator,Slicing Discriminator,Slicing Description,Slicing Description,Slicing Rules,Slicing Rules,Base Path,Base Path,Base Min,Base Min,Base Max,Base Max,Condition(s),Condition(s),Constraint(s),Constraint(s),_merge,_merge
,self,other,self,other,self,other,self,other,self,other,self,other,self,other,self,other,self,other,self,other,self,other,self,other,self,other,self,other,self,other,self,other,self,other,self,other,self,other,self,other,self,other,self,other,self,other,self,other,self,other,self,other,self,other,self,other
Path_id,,,,,,,,,,,,,,,,,,,,,,,,,,,,,,,,,,,,,,,,,,,,,,,,,,,,,,,,
Patient,,Patient,,,,SubjectOfCare Client Resident,,0.0,,*,,,,,,,,,,Information about an individual or animal receiving health care services,,\-,,\-,,,,,,,,,,,,,,,,,,,,Patient,,0,,*,,,,"dom-2:If the resource is contained in another resource, it SHALL NOT contain nested Resources {contained.contained.empty()}
dom-3:If the resource is contained in another resource, it SHALL be referred to from elsewhere in the resource or SHALL refer to the containing resource {contained.where((('#'+id in (%resource.descendants().reference | %resource.descendants().as(canonical) | %resource.descendants().as(uri) | %resource.descendants().as(url))) or descendants().where(reference = '#').exists() or descendants().where(as(canonical) = '#').exists() or descendants().where(as(canonical) = '#').exists()).not()).trace('unmatched', id).empty()}dom-4:If a resource is contained in another resource, it SHALL NOT have a meta.versionId or a meta.lastUpdated {contained.meta.versionId.empty() and contained.meta.lastUpdated.empty()}dom-5:If a resource is contained in another resource, it SHALL NOT have a security label {contained.meta.security.empty()}dom-6:A resource should have narrative for robust management {text.`div`.exists()}us-core-6:Either Patient.name.given and/or Patient.name.family SHALL be present or a Data Absent Reason Extension SHALL be present. {(name.family.exists() or name.given.exists()) xor extension.where(url='http://hl7.org/fhir/StructureDefinition/data-absent-reason').exists()}",,"Entity. Role, or Act",right_only,
Patient-Argoprofile,Patient,,Argoprofile,,SubjectOfCare Client Resident,,0.0,,*,,,,,,,,,,Argonaut Patient Profile,,Demographics and other administrative information about an individual or animal receiving care or other health-related services.,,,,,,,,,,,,,,,,,,,,,,Patient,,0,,*,,,,,,ClinicalDocument.recordTarget.patientRole,,,left_only
Patient.active,,,,,,,,,,,,,,,,,boolean,boolean {[]} {[]},,,Whether this patient record is in active use.,"Whether this patient record is in active use. 
Many systems use this property to mark as non-current patients, such as those that have not been seen for a period of time based on an organization's business rules.

It is often used to filter patient lists to exclude inactive patients

Deceased patients may also be marked as inactive for the same reasons, but may be active for some time after death.","Default is true. If a record is inactive, and linked to an active record, then future patient/record updates should occur on the other patient.","If a record is inactive, and linked to an active record, then future patient/record updates should occur on the other patient.",,,"<valueBoolean xmlns=""http://hl7.org/fhir"" value=""true""/>",,,This resource is generally assumed to be active if no value is provided for the active element,,,,,,,,,,,,,,,,,,,,,,ele-1:All FHIR elements must have a @value or children {hasValue() or (children().count() > id.count())},,statusCode,,
Patient.address,,,,,,,,,,,,Y,,,,,Address,Address {[]} {[]},Addresses for the individual,An address for the individual,Addresses for the individual.,An address for the individual.,,,,,,,,,,,,,,,,,,,,,,,,,,,,,,ele-1:All FHIR elements must have a @value or children {hasValue() or (children().count() > id.count())},.addr,addr,,
Patient.address.city,,Patient.address.city,,,,Municpality,,0.0,,1,,Y,,,,Y,,string {[]} {[]},,"Name of city, town etc.",,"The name of the city, town, suburb, village or other community or delivery center.",,,,,,,,,,"<valueString xmlns=""http://hl7.org/fhir"" value=""Erewhon""/>",,,,,,,,,,,,Address.city,,0,,1,,,,ele-1:All FHIR elements must have a @value or children {hasValue() or (children().count() > id.count())},,AD.part[parttype = CTY],right_only,
Patient.address.country,,Patient.address.country,,,,,,0.0,,1,,,,,,Y,,string {[]} {[]},,Country (e.g. can be ISO 3166 2 or 3 letter code),,Country - a nation as commonly understood or generally accepted.,,ISO 3166 3 letter codes can be used in place of a human readable country name.,,,,,,,,,,,,,,,,,,,,Address.country,,0,,1,,,,ele-1:All FHIR elements must have a @value or children {hasValue() or (children().count() > id.count())},,AD.part[parttype = CNT],right_only,
Patient.address.district,,Patient.address.district,,,,County,,0.0,,1,,,,,,Y,,string {[]} {[]},,District name (aka county),,The name of the administrative area (county).,,"District is sometimes known as county, but in some regions 'county' is used in place of city (municipality), so county name should be conveyed in city instead.",,,,,,,,"<valueString xmlns=""http://hl7.org/fhir"" value=""Madison""/>",,,,,,,,,,,,Address.district,,0,,1,,,,ele-1:All FHIR elements must have a @value or children {hasValue() or (children().count() > id.count())},,AD.part[parttype = CNT | CPA],right_only,
Patient.address.extension,,Patient.address.extension,,,,"extensions
user content",,0.0,,*,,,,,,,,Extension {[]} {[]},,Additional content defined by implementations,,"May be used to represent additional information that is not part of the basic definition of the element. To make the use of extensions safe and manageable, there is a strict set of governance  applied to the definition and use of extensions. Though any implementer can define an extension, there is a set of requirements that SHALL be met as part of the definition of the extension.",,"There can be no stigma associated with the use of extensions by any application, project, or standard - regardless of the institution or jurisdiction that uses or defines the extensions.  The use of extensions is what allows the FHIR specification to retain a core level of simplicity for everyone.",,,,,,,,,,,,,,,,value:url},,Extensions are always sliced by (at least) url,,open,,Element.extension,,0,,*,,,,"ele-1:All FHIR elements must have a @value or children {hasValue() or (children().count() > id.count())}
ext-1:Must have either extensions or value[x], not both {extension.exists() != value.exists()}",right_only,
Patient.address.id,,Patient.address.id,,,,,,0.0,,1,,,,,,,,string {[]} {[]},,Unique id for inter-element referencing,,Unique id for the element within a resource (for internal references). This may be any string value that does not contain spaces.,,,,,,,,,,,,,,,,,,,,,,Element.id,,0,,1,,,,,,,right_only,
Patient.address.line,,Patient.address.line,,,,,,0.0,,*,,Y,,,,Y,,string {[]} {[]},,"Street name, number, direction & P.O. Box etc.",,"This component contains the house number, apartment number, street name, street direction,  P.O. Box number, delivery hints, and similar address information.",,,,,,,,,,"<valueString xmlns=""http://hl7.org/fhir"" value=""137 Nowhere Street""/>",,,,,,,,,,,,Address.line,,0,,*,,,,ele-1:All FHIR elements must have a @value or children {hasValue() or (children().count() > id.count())},,AD.part[parttype = AL],right_only,
Patient.address.period,,Patient.address.period,,,,,,0.0,,1,,Y,,,,Y,,Period {[]} {[]},,Time period when address was/is in use,,Time period when address was/is in use.,,,,Allows addresses to be placed in historical context.,,,,,,"<valuePeriod xmlns=""http://hl7.org/fhir"">
  <start value=""2010-03-23""/>
  <end value=""2010-07-01""/>
</valuePeriod>",,,,,,,,,,,,Address.period,,0,,1,,,,ele-1:All FHIR elements must have a @value or children {hasValue() or (children().count() > id.count())},,"./usablePeriod[type=""IVL<TS>""]",right_only,
Patient.address.postalCode,,Patient.address.postalCode,,,,"Zip
Zip Code",,0.0,,1,,Y,,,,Y,,string {[]} {[]},,US Zip Codes,,A postal code designating a region defined by the postal service.,,,,,,,,,,"<valueString xmlns=""http://hl7.org/fhir"" value=""9132""/>",,,,,,,,,,,,Address.postalCode,,0,,1,,,,ele-1:All FHIR elements must have a @value or children {hasValue() or (children().count() > id.count())},,AD.part[parttype = ZIP],right_only,
Patient.address.state,,Patient.address.state,,,,"Province
Territory",,0.0,,1,,Y,,,,Y,,string {[]} {[]},,Sub-unit of country (abbreviations ok),,Sub-unit of a country with limited sovereignty in a federally organized country. A code may be used if codes are in common use (e.g. US 2 letter state codes).,,,,,,,,,,,,extensible,,Two Letter USPS alphabetic codes.,,http://hl7.org/fhir/us/core/ValueSet/us-core-usps-state,,,,,,Address.state,,0,,1,,,,ele-1:All FHIR elements must have a @value or children {hasValue() or (children().count() > id.count())},,AD.part[parttype = STA],right_only,
Patient.address.text,,Patient.address.text,,,,,,0.0,,1,,,,,,Y,,string {[]} {[]},,Text representation of the address,,Specifies the entire address as it should be displayed e.g. on a postal label. This may be provided instead of or as well as the specific parts.,,"Can provide both a text representation and parts. Applications updating an address SHALL ensure that  when both text and parts are present,  no content is included in the text that isn't found in a part.",,"A renderable, unencoded form.",,,,,,"<valueString xmlns=""http://hl7.org/fhir"" value=""137 Nowhere Street, Erewhon 9132""/>",,,,,,,,,,,,Address.text,,0,,1,,,,ele-1:All FHIR elements must have a @value or children {hasValue() or (children().count() > id.count())},,./formatted,right_only,
Patient.address.type,,Patient.address.type,,,,,,0.0,,1,,,,,,Y,,code {[]} {[]},,postal | physical | both,,Distinguishes between physical addresses (those you can visit) and mailing addresses (e.g. PO Boxes and care-of addresses). Most addresses are both.,,"The definition of Address states that ""address is intended to describe postal addresses, not physical locations"". However, many applications track whether an address has a dual purpose of being a location that can be visited as well as being a valid delivery destination, and Postal addresses are often used as proxies for physical locations (also see the [Location](http://hl7.org/fhir/R4/location.html#) resource).",,,,,,,,"<valueCode xmlns=""http://hl7.org/fhir"" value=""both""/>",,required,,The type of an address (physical / postal).,,http://hl7.org/fhir/ValueSet/address-type|4.0.1,,,,,,Address.type,,0,,1,,,,ele-1:All FHIR elements must have a @value or children {hasValue() or (children().count() > id.count())},,unique(./use),right_only,
Patient.address.use,,Patient.address.use,,,,,,0.0,,1,,,,Y,,Y,,code {[]} {[]},,home | work | temp | old | billing - purpose of this address,,The purpose of this address.,,Applications can assume that an address is current unless it explicitly says that it is temporary or old.,,Allows an appropriate address to be chosen from a list of many.,,,,,,"<valueCode xmlns=""http://hl7.org/fhir"" value=""home""/>",,required,,The use of an address.,,http://hl7.org/fhir/ValueSet/address-use|4.0.1,,,,,,Address.use,,0,,1,,,,ele-1:All FHIR elements must have a @value or children {hasValue() or (children().count() > id.count())},,unique(./use),right_only,
Patient.animal,Patient.animal,,,,,,0.0,,0,,,,Y,,,,BackboneElement,,This patient is known to be an animal (non-human),,This patient is known to be an animal.,,"The animal element is labeled ""Is Modifier"" since patients may be non-human. Systems SHALL either handle patient details appropriately (e.g. inform users patient is not human) or reject declared animal records.   The absense of the animal element does not imply that the patient is a human. If a system requires such a positive assertion that the patient is human, an extension will be required.  (Do not use a species of homo-sapiens in animal species, as this would incorrectly infer that the patient is an animal).",,Many clinical systems are extended to care for animal patients as well as human.,,,,,,,,,,,,,,,,,,Patient.animal,,0,,1,,,,,,,,,left_only
Patient.animal.breed,Patient.animal.breed,,,,,,0.0,,1,,,,,,Y,,CodeableConcept,,"E.g. Poodle, Angus",,Identifies the detailed categorization of the kind of animal.,,Breed MAY be used to provide further taxonomic or non-taxonomic classification.  It may involve local or proprietary designation--such as commercial strain--and/or additional information such as production type.,,May need to know the specific kind within the species.,,,,,,,,example,,The breed of an animal.,,http://hl7.org/fhir/ValueSet/animal-breeds,,,,,,Patient.animal.breed,,0,,1,,,,,,,,,left_only
Patient.animal.extension,Patient.animal.extension,,,,"extensions
user content",,0.0,,*,,,,,,,,Extension,,Additional Content defined by implementations,,"May be used to represent additional information that is not part of the basic definition of the element. In order to make the use of extensions safe and manageable, there is a strict set of governance  applied to the definition and use of extensions. Though any implementer is allowed to define an extension, there is a set of requirements that SHALL be met as part of the definition of the extension.",,"There can be no stigma associated with the use of extensions by any application, project, or standard - regardless of the institution or jurisdiction that uses or defines the extensions.  The use of extensions is what allows the FHIR specification to retain a core level of simplicity for everyone.",,,,,,,,,,,,,,,,,,,,Patient.animal.extension,,0,,*,,,,,,,,,left_only
Patient.animal.genderStatus,Patient.animal.genderStatus,,,,,,0.0,,1,,,,,,Y,,CodeableConcept,,"E.g. Neutered, Intact",,Indicates the current state of the animal's reproductive organs.,,,,Gender status can affect housing and animal behavior.,,,,,,,,example,,The state of the animal's reproductive organs.,,http://hl7.org/fhir/ValueSet/animal-genderstatus,,,,,,Patient.animal.genderStatus,,0,,1,,,,,,,,,left_only
Patient.animal.id,Patient.animal.id,,,,,,0.0,,1,,,,,,,,id,,xml:id (or equivalent in JSON),,unique id for the element within a resource (for internal references).,,,,,,,,,,,,,,,,,,,,,,Patient.animal.id,,0,,1,,,,,,,,,left_only
Patient.animal.modifierExtension,Patient.animal.modifierExtension,,,,"extensions
user contentmodifiers",,0.0,,*,,,,Y,,,,Extension,,Extensions that cannot be ignored,,"May be used to represent additional information that is not part of the basic definition of the element, and that modifies the understanding of the element that contains it. Usually modifier elements provide negation or qualification. In order to make the use of extensions safe and manageable, there is a strict set of governance applied to the definition and use of extensions. Though any implementer is allowed to define an extension, there is a set of requirements that SHALL be met as part of the definition of the extension. Applications processing a resource are required to check for modifier extensions.",,"There can be no stigma associated with the use of extensions by any application, project, or standard - regardless of the institution or jurisdiction that uses or defines the extensions.  The use of extensions is what allows the FHIR specification to retain a core level of simplicity for everyone.",,,,,,,,,,,,,,,,,,,,Patient.animal.modifierExtension,,0,,*,,,,,,,,,left_only
Patient.animal.species,Patient.animal.species,,,,,,1.0,,1,,,,,,Y,,CodeableConcept,,"E.g. Dog, Cow",,Identifies the high level taxonomic categorization of the kind of animal.,,"If the patient is non-human, at least a species SHALL be specified. Species SHALL be a widely recognised taxonomic classification.  It may or may not be Linnaean taxonomy and may or may not be at the level of species. If the level is finer than species--such as a breed code--the code system used SHALL allow inference of the species.  (The common example is that the word ""Hereford"" does not allow inference of the species Bos taurus, because there is a Hereford pig breed, but the SNOMED CT code for ""Hereford Cattle Breed"" does.).",,Need to know what kind of animal.,,,,,,,,example,,The species of an animal.,,http://hl7.org/fhir/ValueSet/animal-species,,,,,,Patient.animal.species,,1,,1,,,,,,,,,left_only
Patient.birthDate,,,,,,,,,,,,,,,,Y,date,date {[]} {[]},,,,,"At least an estimated year should be provided as a guess if the real DOB is unknown  There is a standard extension ""patient-birthTime"" available that should be used where Time is required (such as in maternaty/infant care systems).","At least an estimated year should be provided as a guess if the real DOB is unknown  There is a standard extension ""patient-birthTime"" available that should be used where Time is required (such as in maternity/infant care systems).",,,,,,,,,,,,,,,,,,,,,,,,,,,,ele-1:All FHIR elements must have a @value or children {hasValue() or (children().count() > id.count())},.patient.birthTime,player[classCode=PSN|ANM and determinerCode=INSTANCE]/birthTime,,
Patient.careProvider,Patient.careProvider,,,,,,0.0,,*,,,,,,,,"Reference {http://hl7.org/fhir/StructureDefinition/Organization}
Reference {http://hl7.org/fhir/StructureDefinition/Practitioner}",,Patient's nominated primary care provider,,Patient's nominated care provider.,,"This may be the primary care provider (in a GP context), or it may be a patient nominated care manager in a community/disablity setting, or even organization that will provide people to perform the care provider roles.  This is not to be used to record Care Teams, these should be recorded on either the CarePlan or EpisodeOfCare resources.",,,,,,,,,,,,,,,,,,,,Patient.careProvider,,0,,*,,,,,,,,,left_only
Patient.communication,,,,,,,,,,,Y,,,,,,BackboneElement,BackboneElement {[]} {[]},A list of Languages which may be used to communicate with the patient about his or her health,A language which may be used to communicate with the patient about his or her health,Languages which may be used to communicate with the patient about his or her health.,A language which may be used to communicate with the patient about his or her health.,"If no language is specified, this *implies* that the default local language is spoken.  If you need to convey proficiency for multiple modes then you need multiple Patient.Communication associations.   For animals, language is not a relevant field, and should be absent from the instance. If the Patient does not speak the default local language, then the Interpreter Required Standard can be used to explicitly declare that an interpreter is required.","If no language is specified, this *implies* that the default local language is spoken.  If you need to convey proficiency for multiple modes, then you need multiple Patient.Communication associations.   For animals, language is not a relevant field, and should be absent from the instance. If the Patient does not speak the default local language, then the Interpreter Required Standard can be used to explicitly declare that an interpreter is required.","If a patient does not speak the local language, interpreters may be required, so languages spoken and proficiency is an important things to keep track of both for patient and other persons of interest.","If a patient does not speak the local language, interpreters may be required, so languages spoken and proficiency are important things to keep track of both for patient and other persons of interest.",,,,,,,,,,,,,,,,,,,,,,,,,,ele-1:All FHIR elements must have a @value or children {hasValue() or (children().count() > id.count())},patient.languageCommunication,LanguageCommunication,,
Patient.communication.extension,,,,,,,,,,,,,,,,,Extension,Extension {[]} {[]},Additional Content defined by implementations,Additional content defined by implementations,"May be used to represent additional information that is not part of the basic definition of the element. In order to make the use of extensions safe and manageable, there is a strict set of governance  applied to the definition and use of extensions. Though any implementer is allowed to define an extension, there is a set of requirements that SHALL be met as part of the definition of the extension.","May be used to represent additional information that is not part of the basic definition of the element. To make the use of extensions safe and manageable, there is a strict set of governance  applied to the definition and use of extensions. Though any implementer can define an extension, there is a set of requirements that SHALL be met as part of the definition of the extension.",,,,,,,,,,,,,,,,,,,,,Patient.communication.extension,Element.extension,,,,,,,,"ele-1:All FHIR elements must have a @value or children {hasValue() or (children().count() > id.count())}
ext-1:Must have either extensions or value[x], not both {extension.exists() != value.exists()}",,,,
Patient.communication.id,,,,,,,,,,,,,,,,,id,string {[]} {[]},xml:id (or equivalent in JSON),Unique id for inter-element referencing,unique id for the element within a resource (for internal references).,Unique id for the element within a resource (for internal references). This may be any string value that does not contain spaces.,,,,,,,,,,,,,,,,,,,,,Patient.communication.id,Element.id,,,,,,,,,,,,
Patient.communication.language,,,,,,,,,,,,,,,,,CodeableConcept,CodeableConcept {[]} {[]},,,,,,,,,,,,,,,required,extensible,,,http://fhir.org/guides/argonaut/ValueSet/languages,http://hl7.org/fhir/us/core/ValueSet/simple-language,,,,,,,,,,,,,,ele-1:All FHIR elements must have a @value or children {hasValue() or (children().count() > id.count())},.languageCode,player[classCode=PSN|ANM and determinerCode=INSTANCE]/languageCommunication/code,,
Patient.communication.modifierExtension,,,,,,,,,,,,,,,,Y,Extension,Extension {[]} {[]},Extensions that cannot be ignored,Extensions that cannot be ignored even if unrecognized,"May be used to represent additional information that is not part of the basic definition of the element, and that modifies the understanding of the element that contains it. Usually modifier elements provide negation or qualification. In order to make the use of extensions safe and manageable, there is a strict set of governance applied to the definition and use of extensions. Though any implementer is allowed to define an extension, there is a set of requirements that SHALL be met as part of the definition of the extension. Applications processing a resource are required to check for modifier extensions.","May be used to represent additional information that is not part of the basic definition of the element and that modifies the understanding of the element in which it is contained and/or the understanding of the containing element's descendants. Usually modifier elements provide negation or qualification. To make the use of extensions safe and manageable, there is a strict set of governance applied to the definition and use of extensions. Though any implementer can define an extension, there is a set of requirements that SHALL be met as part of the definition of the extension. Applications processing a resource are required to check for modifier extensions.

Modifier extensions SHALL NOT change the meaning of any elements on Resource or DomainResource (including cannot change the meaning of modifierExtension itself).",,,,"Modifier extensions allow for extensions that *cannot* be safely ignored to be clearly distinguished from the vast majority of extensions which can be safely ignored.  This promotes interoperability by eliminating the need for implementers to prohibit the presence of extensions. For further information, see the [definition of modifier extensions](http://hl7.org/fhir/R4/extensibility.html#modifierExtension).",,,,,,,,,,,,,,,,,Patient.communication.modifierExtension,BackboneElement.modifierExtension,,,,,,,,"ele-1:All FHIR elements must have a @value or children {hasValue() or (children().count() > id.count())}
ext-1:Must have either extensions or value[x], not both {extension.exists() != value.exists()}",,,,
Patient.communication.preferred,,,,,,,,,,,,,,,,,boolean,boolean {[]} {[]},,,,,,,,,,,,,,,,,,,,,,,,,,,,,,,,,,ele-1:All FHIR elements must have a @value or children {hasValue() or (children().count() > id.count())},.preferenceInd,preferenceInd,,
Patient.contact,,,,,,,,,,,,,,,,,BackboneElement,BackboneElement {[]} {[]},,,,,,,,,,,,,,,,,,,,,,,,,,,,,,,,,pat-1:SHALL at least contain a contact's details or a reference to an organization {null},"ele-1:All FHIR elements must have a @value or children {hasValue() or (children().count() > id.count())}
pat-1:SHALL at least contain a contact's details or a reference to an organization {name.exists() or telecom.exists() or address.exists() or organization.exists()}",,player[classCode=PSN|ANM and determinerCode=INSTANCE]/scopedRole[classCode=CON],,
Patient.contact.address,,,,,,,,,,,,,,,,,Address,Address {[]} {[]},,,,,,,,,,,,,,,,,,,,,,,,,,,,,,,,,,ele-1:All FHIR elements must have a @value or children {hasValue() or (children().count() > id.count())},,addr,,
Patient.contact.extension,,,,,,,,,,,,,,,,,Extension,Extension {[]} {[]},Additional Content defined by implementations,Additional content defined by implementations,"May be used to represent additional information that is not part of the basic definition of the element. In order to make the use of extensions safe and manageable, there is a strict set of governance  applied to the definition and use of extensions. Though any implementer is allowed to define an extension, there is a set of requirements that SHALL be met as part of the definition of the extension.","May be used to represent additional information that is not part of the basic definition of the element. To make the use of extensions safe and manageable, there is a strict set of governance  applied to the definition and use of extensions. Though any implementer can define an extension, there is a set of requirements that SHALL be met as part of the definition of the extension.",,,,,,,,,,,,,,,,,,,,,Patient.contact.extension,Element.extension,,,,,,,,"ele-1:All FHIR elements must have a @value or children {hasValue() or (children().count() > id.count())}
ext-1:Must have either extensions or value[x], not both {extension.exists() != value.exists()}",,,,
Patient.contact.gender,,,,,,,,,,,,,,,,,code,code {[]} {[]},,,,,,,,,,,,,,,,,,,http://hl7.org/fhir/ValueSet/administrative-gender,http://hl7.org/fhir/ValueSet/administrative-gender|4.0.1,,,,,,,,,,,,,,ele-1:All FHIR elements must have a @value or children {hasValue() or (children().count() > id.count())},,player[classCode=PSN|ANM and determinerCode=INSTANCE]/administrativeGender,,
Patient.contact.id,,,,,,,,,,,,,,,,,id,string {[]} {[]},xml:id (or equivalent in JSON),Unique id for inter-element referencing,unique id for the element within a resource (for internal references).,Unique id for the element within a resource (for internal references). This may be any string value that does not contain spaces.,,,,,,,,,,,,,,,,,,,,,Patient.contact.id,Element.id,,,,,,,,,,,,
Patient.contact.modifierExtension,,,,,,,,,,,,,,,,Y,Extension,Extension {[]} {[]},Extensions that cannot be ignored,Extensions that cannot be ignored even if unrecognized,"May be used to represent additional information that is not part of the basic definition of the element, and that modifies the understanding of the element that contains it. Usually modifier elements provide negation or qualification. In order to make the use of extensions safe and manageable, there is a strict set of governance applied to the definition and use of extensions. Though any implementer is allowed to define an extension, there is a set of requirements that SHALL be met as part of the definition of the extension. Applications processing a resource are required to check for modifier extensions.","May be used to represent additional information that is not part of the basic definition of the element and that modifies the understanding of the element in which it is contained and/or the understanding of the containing element's descendants. Usually modifier elements provide negation or qualification. To make the use of extensions safe and manageable, there is a strict set of governance applied to the definition and use of extensions. Though any implementer can define an extension, there is a set of requirements that SHALL be met as part of the definition of the extension. Applications processing a resource are required to check for modifier extensions.

Modifier extensions SHALL NOT change the meaning of any elements on Resource or DomainResource (including cannot change the meaning of modifierExtension itself).",,,,"Modifier extensions allow for extensions that *cannot* be safely ignored to be clearly distinguished from the vast majority of extensions which can be safely ignored.  This promotes interoperability by eliminating the need for implementers to prohibit the presence of extensions. For further information, see the [definition of modifier extensions](http://hl7.org/fhir/R4/extensibility.html#modifierExtension).",,,,,,,,,,,,,,,,,Patient.contact.modifierExtension,BackboneElement.modifierExtension,,,,,,,,"ele-1:All FHIR elements must have a @value or children {hasValue() or (children().count() > id.count())}
ext-1:Must have either extensions or value[x], not both {extension.exists() != value.exists()}",,,,
Patient.contact.name,,,,,,,,,,,,,,,,,HumanName,HumanName {[]} {[]},,,,,,,,,,,,,,,,,,,,,,,,,,,,,,,,,,ele-1:All FHIR elements must have a @value or children {hasValue() or (children().count() > id.count())},,name,,
Patient.contact.organization,,,,,,,,,,,,,,,,,Reference {http://hl7.org/fhir/StructureDefinition/Organization},Reference {[]} {[CanonicalType[http://hl7.org/fhir/StructureDefinition/Organization]]},,,,,,,,,,,,,,,,,,,,,,,,,,,,,,,,,,ele-1:All FHIR elements must have a @value or children {hasValue() or (children().count() > id.count())},,scoper,,
Patient.contact.period,,,,,,,,,,,,,,,,,Period,Period {[]} {[]},,,,,,,,,,,,,,,,,,,,,,,,,,,,,,,,,,ele-1:All FHIR elements must have a @value or children {hasValue() or (children().count() > id.count())},,effectiveTime,,
Patient.contact.relationship,,,,,,,,,,,,,,,,,CodeableConcept,CodeableConcept {[]} {[]},,,,,,,,,,,,,,,,,,,http://hl7.org/fhir/ValueSet/patient-contact-relationship,http://hl7.org/fhir/ValueSet/patient-contactrelationship,,,,,,,,,,,,,,ele-1:All FHIR elements must have a @value or children {hasValue() or (children().count() > id.count())},,code,,
Patient.contact.telecom,,,,,,,,,,,,,,,,,ContactPoint,ContactPoint {[]} {[]},,,,,,,,,,,,,,,,,,,,,,,,,,,,,,,,,,ele-1:All FHIR elements must have a @value or children {hasValue() or (children().count() > id.count())},,telecom,,
Patient.contained,,,,,,,,,,,,,,,,,Resource,Resource {[]} {[]},,,,,"This should never be done when the content can be identified properly, as once identification is lost, it is extremely difficult (and context dependent) to restore it again.","This should never be done when the content can be identified properly, as once identification is lost, it is extremely difficult (and context dependent) to restore it again. Contained resources may have profiles and tags In their meta elements, but SHALL NOT have security labels.",,,,,,,,,,,,,,,,,,,Patient.contained,DomainResource.contained,,,,,,,,,,,,
Patient.deceased[x],,,,,,,,,,,,,,,,,"boolean
dateTime","boolean {[]} {[]}
dateTime {[]} {[]}",,,,,If there's no value in the instance it means there is no statement on whether or not the individual is deceased. Most systems will interpret the absence of a value as a sign of the person being alive.,"If there's no value in the instance, it means there is no statement on whether or not the individual is deceased. Most systems will interpret the absence of a value as a sign of the person being alive.",,,,,,,,,,,,,,,,,,,,,,,,,,,,ele-1:All FHIR elements must have a @value or children {hasValue() or (children().count() > id.count())},,"player[classCode=PSN|ANM and determinerCode=INSTANCE]/deceasedInd, player[classCode=PSN|ANM and determinerCode=INSTANCE]/deceasedTime",,
Patient.extension,,,,,,,,,,,,,,,,,Extension,Extension {[]} {[]},,,,,,,,,,,,,,,,,,,,,url,value:url},,,,,Patient.extension,DomainResource.extension,,,,,,,,"ele-1:All FHIR elements must have a @value or children {hasValue() or (children().count() > id.count())}
ext-1:Must have either extensions or value[x], not both {extension.exists() != value.exists()}",,
Patient.extension-birthsex,,,,,,,,,,,Y,,,,,,Extension {http://fhir.org/guides/argonaut/StructureDefinition/argo-birthsex},Extension {[CanonicalType[http://hl7.org/fhir/us/core/StructureDefinition/us-core-birthsex]]} {[]},,,An Extension,A code classifying the person's sex assigned at birth  as specified by the [Office of the National Coordinator for Health IT (ONC)](https://www.healthit.gov/newsroom/about-onc).,,"The codes required are intended to present birth sex (i.e., the sex recorded on the patientâ€™s birth certificate) and not gender identity or reassigned sex.",,,,,,,,,,,,,,,,,,,Patient.extension,DomainResource.extension,,,,,,ele-1,,"ele-1:All FHIR elements must have a @value or children {hasValue() or (children().count() > id.count())}
ext-1:Must have either extensions or value[x], not both {extension.exists() != value.exists()}",,player[classCode=PSN|ANM and determinerCode=INSTANCE]/administrativeGender,,
Patient.extension-ethnicity,,,,,,,,,,,Y,,,,,,Extension {http://fhir.org/guides/argonaut/StructureDefinition/argo-ethnicity},Extension {[CanonicalType[http://hl7.org/fhir/us/core/StructureDefinition/us-core-ethnicity]]} {[]},Extension,US Core ethnicity Extension,An Extension,"Concepts classifying the person into a named category of humans sharing common history, traits, geographical origin or nationality.  The ethnicity codes used to represent these concepts are based upon the [CDC ethnicity and Ethnicity Code Set Version 1.0](http://www.cdc.gov/phin/resources/vocabulary/index.html) which includes over 900 concepts for representing race and ethnicity of which 43 reference ethnicity.  The ethnicity concepts are grouped by and pre-mapped to the 2 OMB ethnicity categories: - Hispanic or Latino - Not Hispanic or Latino.",,,,,,,,,,,,,,,,,,,,,Patient.extension,DomainResource.extension,,,,,,ele-1,,"ele-1:All FHIR elements must have a @value or children {hasValue() or (children().count() > id.count())}
ext-1:Must have either extensions or value[x], not both {extension.exists() != value.exists()}",,,,
Patient.extension-genderIdentity,,Patient.extension,,genderIdentity,,,,0.0,,1,,,,,,,,Extension {[CanonicalType[http://hl7.org/fhir/us/core/StructureDefinition/us-core-genderIdentity]]} {[]},,The patient's gender identity,,The gender the patient identifies with. The Patient's gender identity is used as guidance (e.g. for staff) about how to interact with the patient.,,,,,,,,,,,,,,,,,,,,,,DomainResource.extension,,0,,*,,ele-1,,"ele-1:All FHIR elements must have a @value or children {hasValue() or (children().count() > id.count())}
ext-1:Must have either extensions or value[x], not both {extension.exists() != value.exists()}",,,right_only,
Patient.extension-race,,,,,,,,,,,Y,,,,,,Extension {http://fhir.org/guides/argonaut/StructureDefinition/argo-race},Extension {[CanonicalType[http://hl7.org/fhir/us/core/StructureDefinition/us-core-race]]} {[]},Extension,US Core Race Extension,An Extension,"Concepts classifying the person into a named category of humans sharing common history, traits, geographical origin or nationality.  The race codes used to represent these concepts are based upon the [CDC Race and Ethnicity Code Set Version 1.0](http://www.cdc.gov/phin/resources/vocabulary/index.html) which includes over 900 concepts for representing race and ethnicity of which 921 reference race.  The race concepts are grouped by and pre-mapped to the 5 OMB race categories:

   - American Indian or Alaska Native
   - Asian
   - Black or African American
   - Native Hawaiian or Other Pacific Islander
   - White.",,,,,,,,,,,,,,,,,,,,,Patient.extension,DomainResource.extension,,,,,,ele-1,,"ele-1:All FHIR elements must have a @value or children {hasValue() or (children().count() > id.count())}
ext-1:Must have either extensions or value[x], not both {extension.exists() != value.exists()}",,,,
Patient.gender,,,,,,,,,,,,,,,,Y,code,code {[]} {[]},,,,,"The gender may not match the biological sex as determined by genetics, or the individual's preferred identification. Note that for both humans and particularly animals, there are other legitimate possibilities than M and F, though the vast majority of systems and contexts only support M and F.  Systems providing decision support or enforcing business rules should ideally do this on the basis of Observations dealing with the specific gender aspect of interest (anatomical, chromosonal, social, etc.)  However, because these observations are infrequently recorded, defaulting to the administrative gender is common practice.  Where such defaulting occurs, rule enforcement should allow for the variation between administrative and biological, chromosonal and other gender aspects.  For example, an alert about a hysterectomy on a male should be handled as a warning or overrideable error, not a ""hard"" error.","The gender might not match the biological sex as determined by genetics or the individual's preferred identification. Note that for both humans and particularly animals, there are other legitimate possibilities than male and female, though the vast majority of systems and contexts only support male and female.  Systems providing decision support or enforcing business rules should ideally do this on the basis of Observations dealing with the specific sex or gender aspect of interest (anatomical, chromosomal, social, etc.)  However, because these observations are infrequently recorded, defaulting to the administrative gender is common practice.  Where such defaulting occurs, rule enforcement should allow for the variation between administrative and biological, chromosomal and other gender aspects.  For example, an alert about a hysterectomy on a male should be handled as a warning or overridable error, not a ""hard"" error.  See the Patient Gender and Sex section for additional information about communicating patient gender and sex.","Needed for identification of the individual, in combination with (at least) name and birth date. Gender of individual drives many clinical processes.","Needed for identification of the individual, in combination with (at least) name and birth date.",,,,,,,,,,,,,,,,,,,,,,,,,,ele-1:All FHIR elements must have a @value or children {hasValue() or (children().count() > id.count())},.patient.administrativeGenderCode,player[classCode=PSN|ANM and determinerCode=INSTANCE]/administrativeGender,,
Patient.generalPractitioner,,Patient.generalPractitioner,,,,careProvider,,0.0,,*,,,,,,,,"Reference {[]} {[CanonicalType[http://hl7.org/fhir/StructureDefinition/Organization], CanonicalType[http://hl7.org/fhir/StructureDefinition/Practitioner], CanonicalType[http://hl7.org/fhir/StructureDefinition/PractitionerRole]]}",,Patient's nominated primary care provider,,Patient's nominated care provider.,,"This may be the primary care provider (in a GP context), or it may be a patient nominated care manager in a community/disability setting, or even organization that will provide people to perform the care provider roles.  It is not to be used to record Care Teams, these should be in a CareTeam resource that may be linked to the CarePlan or EpisodeOfCare resources.
Multiple GPs may be recorded against the patient for various reasons, such as a student that has his home GP listed along with the GP at university during the school semesters, or a ""fly-in/fly-out"" worker that has the onsite GP also included with his home GP to remain aware of medical issues.

Jurisdictions may decide that they can profile this down to 1 if desired, or 1 per type.",,,,,,,,,,,,,,,,,,,,Patient.generalPractitioner,,0,,*,,,,ele-1:All FHIR elements must have a @value or children {hasValue() or (children().count() > id.count())},,subjectOf.CareEvent.performer.AssignedEntity,right_only,
Patient.id,,,,,,,,,,,,,,,,,id,string {[]} {[]},,,,,"The only time that a resource does not have an id is when it is being submitted to the server using a create operation. Bundles always have an id, though it is usually a generated UUID.",The only time that a resource does not have an id is when it is being submitted to the server using a create operation.,,,,,,,,,,,,,,,,,,,Patient.id,Resource.id,,,,,,,,,,,,
Patient.identifier,,,,,,,,,,,,,,,,Y,Identifier,Identifier {[]} {[]},,,,,,,,,,,,,,,,,,,,,,,,,,,,,,,,,,ele-1:All FHIR elements must have a @value or children {hasValue() or (children().count() > id.count())},.id,id,,
Patient.identifier.assigner,,,,,,,,,,,,,,,,,Reference {http://hl7.org/fhir/StructureDefinition/Organization},Reference {[]} {[CanonicalType[http://hl7.org/fhir/StructureDefinition/Organization]]},,,,,The reference may be just a text description of the assigner.,The Identifier.assigner may omit the .reference element and only contain a .display element reflecting the name or other textual information about the assigning organization.,,,,,,,,,,,,,,,,,,,,,,,,,,,,ele-1:All FHIR elements must have a @value or children {hasValue() or (children().count() > id.count())},,,,
Patient.identifier.extension,,,,,,,,,,,,,,,,,Extension,Extension {[]} {[]},Additional Content defined by implementations,Additional content defined by implementations,"May be used to represent additional information that is not part of the basic definition of the element. In order to make the use of extensions safe and manageable, there is a strict set of governance  applied to the definition and use of extensions. Though any implementer is allowed to define an extension, there is a set of requirements that SHALL be met as part of the definition of the extension.","May be used to represent additional information that is not part of the basic definition of the element. To make the use of extensions safe and manageable, there is a strict set of governance  applied to the definition and use of extensions. Though any implementer can define an extension, there is a set of requirements that SHALL be met as part of the definition of the extension.",,,,,,,,,,,,,,,,,,value:url},,Extensions are always sliced by (at least) url,Identifier.extension,open,0,Element.extension,*,0,,*,,,,"ele-1:All FHIR elements must have a @value or children {hasValue() or (children().count() > id.count())}
ext-1:Must have either extensions or value[x], not both {extension.exists() != value.exists()}",,
Patient.identifier.id,,,,,,,,,,,,,,,,,id,string {[]} {[]},xml:id (or equivalent in JSON),Unique id for inter-element referencing,unique id for the element within a resource (for internal references).,Unique id for the element within a resource (for internal references). This may be any string value that does not contain spaces.,,,,,,,,,,,,,,,,,,,,,Identifier.id,Element.id,,,,,,,,,,,,
Patient.identifier.period,,,,,,,,,,,,,,,,,Period,Period {[]} {[]},,,,,,,,,,,,,,,,,,,,,,,,,,,,,,,,,,ele-1:All FHIR elements must have a @value or children {hasValue() or (children().count() > id.count())},,,,
Patient.identifier.system,,,,,,,,,,,,,,,,Y,uri,uri {[]} {[]},The namespace for the identifier,The namespace for the identifier value,Establishes the namespace in which set of possible id values is unique.,"Establishes the namespace for the value - that is, a URL that describes a set values that are unique.",,Identifier.system is always case sensitive.,"There are many sequences of identifiers.  To perform matching, we need to know what sequence we're dealing with. The system identifies a particular sequence or set of unique identifiers.","There are many sets  of identifiers.  To perform matching of two identifiers, we need to know what set we're dealing with. The system identifies a particular set of unique identifiers.",,,,,"<valueUri xmlns=""http://hl7.org/fhir"" value=""http://www.acme.com/identifiers/patient or urn:ietf:rfc:3986 if the Identifier.value itself is a full uri""/>","<valueUri xmlns=""http://hl7.org/fhir"" value=""http://www.acme.com/identifiers/patient""/>",,,,,,,,,,,,,,,,,,,,ele-1:All FHIR elements must have a @value or children {hasValue() or (children().count() > id.count())},,,,
Patient.identifier.type,,,,,,,,,,,,,,,,,CodeableConcept,CodeableConcept {[]} {[]},,,,,,,,,,,,,,,,,,,,,,,,,,,,,,,,,,ele-1:All FHIR elements must have a @value or children {hasValue() or (children().count() > id.count())},,,,
Patient.identifier.use,,,,,,,,,,,,,,,,,code,code {[]} {[]},usual | official | temp | secondary (If known),usual | official | temp | secondary | old (If known),,,"This is labeled as ""Is Modifier"" because applications should not mistake a temporary id for a permanent one. Applications can assume that an identifier is permanent unless it explicitly says that it is temporary.",Applications can assume that an identifier is permanent unless it explicitly says that it is temporary.,,,,,,,,,,,,,http://hl7.org/fhir/ValueSet/identifier-use,http://hl7.org/fhir/ValueSet/identifier-use|4.0.1,,,,,,,,,,,,,,ele-1:All FHIR elements must have a @value or children {hasValue() or (children().count() > id.count())},,,,
Patient.identifier.value,,,,,,,,,,,,,,,,Y,string,string {[]} {[]},,,The portion of the identifier typically displayed to the user and which is unique within the context of the system.,The portion of the identifier typically relevant to the user and which is unique within the context of the system.,"If the value is a full URI, then the system SHALL be urn:ietf:rfc:3986.","If the value is a full URI, then the system SHALL be urn:ietf:rfc:3986.  The value's primary purpose is computational mapping.  As a result, it may be normalized for comparison purposes (e.g. removing non-significant whitespace, dashes, etc.)  A value formatted for human display can be conveyed using the [Rendered Value extension](http://hl7.org/fhir/R4/extension-rendered-value.html). Identifier.value is to be treated as case sensitive unless knowledge of the Identifier.system allows the processer to be confident that non-case-sensitive processing is safe.",,,,,,,,,,,,,,,,,,,,,,,,,,,,ele-1:All FHIR elements must have a @value or children {hasValue() or (children().count() > id.count())},,,,
Patient.implicitRules,,,,,,,,,,,,,,,,,uri,uri {[]} {[]},,,"A reference to a set of rules that were followed when the resource was constructed, and which must be understood when processing the content.","A reference to a set of rules that were followed when the resource was constructed, and which must be understood when processing the content. Often, this is a reference to an implementation guide that defines the special rules along with other profiles etc.","Asserting this rule set restricts the content to be only understood by a limited set of trading partners. This inherently limits the usefulness of the data in the long term. However, the existing health eco-system is highly fractured, and not yet ready to define, collect, and exchange data in a generally computable sense. Wherever possible, implementers and/or specification writers should avoid using this element as much as possible.","Asserting this rule set restricts the content to be only understood by a limited set of trading partners. This inherently limits the usefulness of the data in the long term. However, the existing health eco-system is highly fractured, and not yet ready to define, collect, and exchange data in a generally computable sense. Wherever possible, implementers and/or specification writers should avoid using this element. Often, when used, the URL is a reference to an implementation guide that defines these special rules as part of it's narrative along with other profiles, value sets, etc.",,,,,,,,,,,,,,,,,,,Patient.implicitRules,Resource.implicitRules,,,,,,,,ele-1:All FHIR elements must have a @value or children {hasValue() or (children().count() > id.count())},,,,
Patient.language,,,,,,,,,,,,,,,,,code,code {[]} {[]},,,,,"Language is provided to support indexing and accessibility (typically, services such as text to speech use the language tag). The html language tag in the narrative applies  to the narrative. The language tag on the resource may be used to specify the language of other presentations generated from the data in the resource  Not all the content has to be in the base language. The Resource.language should not be assumed to apply to the narrative automatically. If a language is specified, it should it also be specified on the div element in the html (see rules in HTML5 for information about the relationship between xml:lang and the html lang attribute).","Language is provided to support indexing and accessibility (typically, services such as text to speech use the language tag). The html language tag in the narrative applies  to the narrative. The language tag on the resource may be used to specify the language of other presentations generated from the data in the resource. Not all the content has to be in the base language. The Resource.language should not be assumed to apply to the narrative automatically. If a language is specified, it should it also be specified on the div element in the html (see rules in HTML5 for information about the relationship between xml:lang and the html lang attribute).",,,,,,,,,required,preferred,,,http://tools.ietf.org/html/bcp47,http://hl7.org/fhir/ValueSet/languages,,,,,Patient.language,Resource.language,,,,,,,,ele-1:All FHIR elements must have a @value or children {hasValue() or (children().count() > id.count())},,,,
Patient.link,,,,,,,,,,,,,,,,Y,BackboneElement,BackboneElement {[]} {[]},,,,,,,"There are multiple usecases:   * Duplicate patient records due to the clerical errors associated with the difficulties of identifying humans consistently, and * Distribution of patient information across multiple servers.","There are multiple use cases:   

* Duplicate patient records due to the clerical errors associated with the difficulties of identifying humans consistently, and 
* Distribution of patient information across multiple servers.",,,,,,,,,,,,,,,,,,,,,,,,,,ele-1:All FHIR elements must have a @value or children {hasValue() or (children().count() > id.count())},,outboundLink,,
Patient.link.extension,,,,,,,,,,,,,,,,,Extension,Extension {[]} {[]},Additional Content defined by implementations,Additional content defined by implementations,"May be used to represent additional information that is not part of the basic definition of the element. In order to make the use of extensions safe and manageable, there is a strict set of governance  applied to the definition and use of extensions. Though any implementer is allowed to define an extension, there is a set of requirements that SHALL be met as part of the definition of the extension.","May be used to represent additional information that is not part of the basic definition of the element. To make the use of extensions safe and manageable, there is a strict set of governance  applied to the definition and use of extensions. Though any implementer can define an extension, there is a set of requirements that SHALL be met as part of the definition of the extension.",,,,,,,,,,,,,,,,,,,,,Patient.link.extension,Element.extension,,,,,,,,"ele-1:All FHIR elements must have a @value or children {hasValue() or (children().count() > id.count())}
ext-1:Must have either extensions or value[x], not both {extension.exists() != value.exists()}",,,,
Patient.link.id,,,,,,,,,,,,,,,,,id,string {[]} {[]},xml:id (or equivalent in JSON),Unique id for inter-element referencing,unique id for the element within a resource (for internal references).,Unique id for the element within a resource (for internal references). This may be any string value that does not contain spaces.,,,,,,,,,,,,,,,,,,,,,Patient.link.id,Element.id,,,,,,,,,,,,
Patient.link.modifierExtension,,,,,,,,,,,,,,,,Y,Extension,Extension {[]} {[]},Extensions that cannot be ignored,Extensions that cannot be ignored even if unrecognized,"May be used to represent additional information that is not part of the basic definition of the element, and that modifies the understanding of the element that contains it. Usually modifier elements provide negation or qualification. In order to make the use of extensions safe and manageable, there is a strict set of governance applied to the definition and use of extensions. Though any implementer is allowed to define an extension, there is a set of requirements that SHALL be met as part of the definition of the extension. Applications processing a resource are required to check for modifier extensions.","May be used to represent additional information that is not part of the basic definition of the element and that modifies the understanding of the element in which it is contained and/or the understanding of the containing element's descendants. Usually modifier elements provide negation or qualification. To make the use of extensions safe and manageable, there is a strict set of governance applied to the definition and use of extensions. Though any implementer can define an extension, there is a set of requirements that SHALL be met as part of the definition of the extension. Applications processing a resource are required to check for modifier extensions.

Modifier extensions SHALL NOT change the meaning of any elements on Resource or DomainResource (including cannot change the meaning of modifierExtension itself).",,,,"Modifier extensions allow for extensions that *cannot* be safely ignored to be clearly distinguished from the vast majority of extensions which can be safely ignored.  This promotes interoperability by eliminating the need for implementers to prohibit the presence of extensions. For further information, see the [definition of modifier extensions](http://hl7.org/fhir/R4/extensibility.html#modifierExtension).",,,,,,,,,,,,,,,,,Patient.link.modifierExtension,BackboneElement.modifierExtension,,,,,,,,"ele-1:All FHIR elements must have a @value or children {hasValue() or (children().count() > id.count())}
ext-1:Must have either extensions or value[x], not both {extension.exists() != value.exists()}",,,,
Patient.link.other,,,,,,,,,,,,,Y,,,Y,Reference {http://hl7.org/fhir/StructureDefinition/Patient},"Reference {[]} {[CanonicalType[http://hl7.org/fhir/StructureDefinition/Patient], CanonicalType[http://hl7.org/fhir/StructureDefinition/RelatedPerson]]}",The other patient resource that the link refers to,The other patient or related person resource that the link refers to,,,,Referencing a RelatedPerson here removes the need to use a Person record to associate a Patient and RelatedPerson as the same individual.,,,,,,,,,,,,,,,,,,,,,,,,,,,,ele-1:All FHIR elements must have a @value or children {hasValue() or (children().count() > id.count())},,id,,
Patient.link.type,,,,,,,,,,,,,Y,,,Y,code,code {[]} {[]},replace | refer | seealso - type of link,replaced-by | replaces | refer | seealso,,,,,,,,,,,,,,,,,http://hl7.org/fhir/ValueSet/link-type,http://hl7.org/fhir/ValueSet/link-type|4.0.1,,,,,,,,,,,,,,ele-1:All FHIR elements must have a @value or children {hasValue() or (children().count() > id.count())},,typeCode,,
Patient.managingOrganization,,,,,,,,,,,,,,,,,Reference {http://hl7.org/fhir/StructureDefinition/Organization},Reference {[]} {[CanonicalType[http://hl7.org/fhir/StructureDefinition/Organization]]},,,,,,,,,,,,,,,,,,,,,,,,,,,,,,,,,,ele-1:All FHIR elements must have a @value or children {hasValue() or (children().count() > id.count())},.providerOrganization,scoper,,
Patient.maritalStatus,,,,,,,,,,,,,,,,,CodeableConcept,CodeableConcept {[]} {[]},,,,,,,,,,,,,,,required,extensible,,,,,,,,,,,,,,,,,,ele-1:All FHIR elements must have a @value or children {hasValue() or (children().count() > id.count())},.patient.maritalStatusCode,player[classCode=PSN]/maritalStatusCode,,
Patient.meta,,,,,,,,,,,,,,,,,Meta,Meta {[]} {[]},,,The metadata about the resource. This is content that is maintained by the infrastructure. Changes to the content may not always be associated with version changes to the resource.,The metadata about the resource. This is content that is maintained by the infrastructure. Changes to the content might not always be associated with version changes to the resource.,,,,,,,,,,,,,,,,,,,,,Patient.meta,Resource.meta,,,,,,,,ele-1:All FHIR elements must have a @value or children {hasValue() or (children().count() > id.count())},,,,
Patient.modifierExtension,,,,,,,,,,,,,,,,,Extension,Extension {[]} {[]},,,"May be used to represent additional information that is not part of the basic definition of the resource, and that modifies the understanding of the element that contains it. Usually modifier elements provide negation or qualification. In order to make the use of extensions safe and manageable, there is a strict set of governance applied to the definition and use of extensions. Though any implementer is allowed to define an extension, there is a set of requirements that SHALL be met as part of the definition of the extension. Applications processing a resource are required to check for modifier extensions.","May be used to represent additional information that is not part of the basic definition of the resource and that modifies the understanding of the element that contains it and/or the understanding of the containing element's descendants. Usually modifier elements provide negation or qualification. To make the use of extensions safe and manageable, there is a strict set of governance applied to the definition and use of extensions. Though any implementer is allowed to define an extension, there is a set of requirements that SHALL be met as part of the definition of the extension. Applications processing a resource are required to check for modifier extensions.

Modifier extensions SHALL NOT change the meaning of any elements on Resource or DomainResource (including cannot change the meaning of modifierExtension itself).",,,,"Modifier extensions allow for extensions that *cannot* be safely ignored to be clearly distinguished from the vast majority of extensions which can be safely ignored.  This promotes interoperability by eliminating the need for implementers to prohibit the presence of extensions. For further information, see the [definition of modifier extensions](http://hl7.org/fhir/R4/extensibility.html#modifierExtension).",,,,,,,,,,,,,,,,,Patient.modifierExtension,DomainResource.modifierExtension,,,,,,,,"ele-1:All FHIR elements must have a @value or children {hasValue() or (children().count() > id.count())}
ext-1:Must have either extensions or value[x], not both {extension.exists() != value.exists()}",,,,
Patient.multipleBirth[x],,,,,,,,,,,,,,,,,"boolean
integer","boolean {[]} {[]}
integer {[]} {[]}",,,Indicates whether the patient is part of a multiple or indicates the actual birth order.,Indicates whether the patient is part of a multiple (boolean) or indicates the actual birth order (integer).,,"Where the valueInteger is provided, the number is the birth number in the sequence. E.g. The middle birth in triplets would be valueInteger=2 and the third born would have valueInteger=3 If a boolean value was provided for this triplets example, then all 3 patient records would have valueBoolean=true (the ordering is not indicated).",,,,,,,,,,,,,,,,,,,,,,,,,,,,ele-1:All FHIR elements must have a @value or children {hasValue() or (children().count() > id.count())},,"player[classCode=PSN|ANM and determinerCode=INSTANCE]/multipleBirthInd,  player[classCode=PSN|ANM and determinerCode=INSTANCE]/multipleBirthOrderNumber",,
Patient.name,,,,,,,,,,,,,,,,Y,HumanName,HumanName {[]} {[]},,,,,,,,,,,,,,,,,,,,,,,,,,,,,,,,,,ele-1:All FHIR elements must have a @value or children {hasValue() or (children().count() > id.count())},.patient.name,name,,
Patient.name.extension,,,,,,,,,,,,,,,,,Extension,Extension {[]} {[]},Additional Content defined by implementations,Additional content defined by implementations,"May be used to represent additional information that is not part of the basic definition of the element. In order to make the use of extensions safe and manageable, there is a strict set of governance  applied to the definition and use of extensions. Though any implementer is allowed to define an extension, there is a set of requirements that SHALL be met as part of the definition of the extension.","May be used to represent additional information that is not part of the basic definition of the element. To make the use of extensions safe and manageable, there is a strict set of governance  applied to the definition and use of extensions. Though any implementer can define an extension, there is a set of requirements that SHALL be met as part of the definition of the extension.",,,,,,,,,,,,,,,,,,value:url},,Extensions are always sliced by (at least) url,HumanName.extension,open,0,Element.extension,*,0,,*,,,,"ele-1:All FHIR elements must have a @value or children {hasValue() or (children().count() > id.count())}
ext-1:Must have either extensions or value[x], not both {extension.exists() != value.exists()}",,
Patient.name.family,,,,,,,1.0,0.0,*,1,,,,,,Y,string,string {[]} {[]},,,,,"For family name, hyphenated names such as ""Smith-Jones"" are a single name, but names with spaces such as ""Smith Jones"" are broken into multiple parts.","Family Name may be decomposed into specific parts using extensions (de, nl, es related cultures).",,,,,,,,,,,,,,,,,,,,,,,*,1,,us-core-6,,ele-1:All FHIR elements must have a @value or children {hasValue() or (children().count() > id.count())},,,,
Patient.name.given,,,,,,,1.0,0.0,,,,,,,,Y,string,string {[]} {[]},,,,,"If only initials are recorded, they may be used in place of the full name.  Not called ""first name"" since given names do not always come first.","If only initials are recorded, they may be used in place of the full name parts. Initials may be separated into multiple given names but often aren't due to paractical limitations.  This element is not called ""first name"" since given names do not always come first.",,,,,,,,,,,,,,,,,,,,,,,,,,us-core-6,,ele-1:All FHIR elements must have a @value or children {hasValue() or (children().count() > id.count())},,,,
Patient.name.id,,,,,,,,,,,,,,,,,id,string {[]} {[]},xml:id (or equivalent in JSON),Unique id for inter-element referencing,unique id for the element within a resource (for internal references).,Unique id for the element within a resource (for internal references). This may be any string value that does not contain spaces.,,,,,,,,,,,,,,,,,,,,,HumanName.id,Element.id,,,,,,,,,,,,
Patient.name.period,,,,,,,,,,,,,,,,,Period,Period {[]} {[]},,,,,,,,,,,,,,,,,,,,,,,,,,,,,,,,,,ele-1:All FHIR elements must have a @value or children {hasValue() or (children().count() > id.count())},,,,
Patient.name.prefix,,,,,,,,,,,,,,,,,string,string {[]} {[]},,,,,,,,,,,,,,,,,,,,,,,,,,,,,,,,,,ele-1:All FHIR elements must have a @value or children {hasValue() or (children().count() > id.count())},,,,
Patient.name.suffix,,,,,,,,,,,,,,,,,string,string {[]} {[]},,,,,,,,,,,,,,,,,,,,,,,,,,,,,,,,,,ele-1:All FHIR elements must have a @value or children {hasValue() or (children().count() > id.count())},,,,
Patient.name.text,,,,,,,,,,,,,,,,,string,string {[]} {[]},,,A full text representation of the name.,Specifies the entire name as it should be displayed e.g. on an application UI. This may be provided instead of or as well as the specific parts.,Can provide both a text representation and structured parts.,"Can provide both a text representation and parts. Applications updating a name SHALL ensure that when both text and parts are present,  no content is included in the text that isn't found in a part.",,,,,,,,,,,,,,,,,,,,,,,,,,,,ele-1:All FHIR elements must have a @value or children {hasValue() or (children().count() > id.count())},,,,
Patient.name.use,,,,,,,,,,,,,,,,,code,code {[]} {[]},,,,,"This is labeled as ""Is Modifier"" because applications should not mistake a temporary or old name etc.for a current/permanent one. Applications can assume that a name is current unless it explicitly says that it is temporary or old.",Applications can assume that a name is current unless it explicitly says that it is temporary or old.,,,,,,,,,,,The use of a human name,The use of a human name.,http://hl7.org/fhir/ValueSet/name-use,http://hl7.org/fhir/ValueSet/name-use|4.0.1,,,,,,,,,,,,,,ele-1:All FHIR elements must have a @value or children {hasValue() or (children().count() > id.count())},,,,
Patient.photo,,,,,,,,,,,,,,,,,Attachment,Attachment {[]} {[]},,,,,,"Guidelines:
* Use id photos, not clinical photos.
* Limit dimensions to thumbnail.
* Keep byte count low to ease resource updates.",,,,,,,,,,,,,,,,,,,,,,,,,,,,ele-1:All FHIR elements must have a @value or children {hasValue() or (children().count() > id.count())},,player[classCode=PSN|ANM and determinerCode=INSTANCE]/desc,,
Patient.telecom,,,,,,,,,,,,,,,,,ContactPoint,ContactPoint {[]} {[]},,,,,"A Patient may have multiple ways to be contacted with different uses or applicable periods.  May need to have options for contacting the person urgently and also to help with identification. The address may not go directly to the individual, but may reach another party that is able to proxy for the patient (i.e. home phone, or pet owner's phone).","A Patient may have multiple ways to be contacted with different uses or applicable periods.  May need to have options for contacting the person urgently and also to help with identification. The address might not go directly to the individual, but may reach another party that is able to proxy for the patient (i.e. home phone, or pet owner's phone).",,,,,,,,,,,,,,,,,,,,,,,,,,,,ele-1:All FHIR elements must have a @value or children {hasValue() or (children().count() > id.count())},.telecom,telecom,,
Patient.telecom.extension,,Patient.telecom.extension,,,,"extensions
user content",,0.0,,*,,,,,,,,Extension {[]} {[]},,Additional content defined by implementations,,"May be used to represent additional information that is not part of the basic definition of the element. To make the use of extensions safe and manageable, there is a strict set of governance  applied to the definition and use of extensions. Though any implementer can define an extension, there is a set of requirements that SHALL be met as part of the definition of the extension.",,"There can be no stigma associated with the use of extensions by any application, project, or standard - regardless of the institution or jurisdiction that uses or defines the extensions.  The use of extensions is what allows the FHIR specification to retain a core level of simplicity for everyone.",,,,,,,,,,,,,,,,value:url},,Extensions are always sliced by (at least) url,,open,,Element.extension,,0,,*,,,,"ele-1:All FHIR elements must have a @value or children {hasValue() or (children().count() > id.count())}
ext-1:Must have either extensions or value[x], not both {extension.exists() != value.exists()}",right_only,
Patient.telecom.id,,Patient.telecom.id,,,,,,0.0,,1,,,,,,,,string {[]} {[]},,Unique id for inter-element referencing,,Unique id for the element within a resource (for internal references). This may be any string value that does not contain spaces.,,,,,,,,,,,,,,,,,,,,,,Element.id,,0,,1,,,,,,,right_only,
Patient.telecom.period,,Patient.telecom.period,,,,,,0.0,,1,,,,,,Y,,Period {[]} {[]},,Time period when the contact point was/is in use,,Time period when the contact point was/is in use.,,,,,,,,,,,,,,,,,,,,,,ContactPoint.period,,0,,1,,,,ele-1:All FHIR elements must have a @value or children {hasValue() or (children().count() > id.count())},,"./usablePeriod[type=""IVL<TS>""]",right_only,
Patient.telecom.rank,,Patient.telecom.rank,,,,,,0.0,,1,,,,,,Y,,positiveInt {[]} {[]},,Specify preferred order of use (1 = highest),,Specifies a preferred order in which to use a set of contacts. ContactPoints with lower rank values are more preferred than those with higher rank values.,,Note that rank does not necessarily follow the order in which the contacts are represented in the instance.,,,,,,,,,,,,,,,,,,,,ContactPoint.rank,,0,,1,,,,ele-1:All FHIR elements must have a @value or children {hasValue() or (children().count() > id.count())},,,right_only,
Patient.telecom.system,,Patient.telecom.system,,,,,,1.0,,1,,Y,,,,Y,,code {[]} {[]},,phone | fax | email | pager | url | sms | other,,Telecommunications form for contact point - what communications system is required to make use of the contact.,,,,,,,,,,,,required,,Telecommunications form for contact point.,,http://hl7.org/fhir/ValueSet/contact-point-system,,,,,,ContactPoint.system,,0,,1,,cpt-2,,ele-1:All FHIR elements must have a @value or children {hasValue() or (children().count() > id.count())},,./scheme,right_only,
Patient.telecom.use,,Patient.telecom.use,,,,,,0.0,,1,,Y,,Y,,Y,,code {[]} {[]},,home | work | temp | old | mobile - purpose of this contact point,,Identifies the purpose for the contact point.,,Applications can assume that a contact is current unless it explicitly says that it is temporary or old.,,"Need to track the way a person uses this contact, so a user can choose which is appropriate for their purpose.",,,,,,,,required,,,,http://hl7.org/fhir/ValueSet/contact-point-use,,,,,,ContactPoint.use,,0,,1,,,,ele-1:All FHIR elements must have a @value or children {hasValue() or (children().count() > id.count())},,unique(./use),right_only,
Patient.telecom.value,,Patient.telecom.value,,,,,,1.0,,1,,Y,,,,Y,,string {[]} {[]},,The actual contact point details,,"The actual contact point details, in a form that is meaningful to the designated communication system (i.e. phone number or email address).",,"Additional text data such as phone extension numbers, or notes about use of the contact are sometimes included in the value.",,Need to support legacy numbers that are not in a tightly controlled format.,,,,,,,,,,,,,,,,,,ContactPoint.value,,0,,1,,,,ele-1:All FHIR elements must have a @value or children {hasValue() or (children().count() > id.count())},,./url,right_only,
Patient.text,,,,,,,,,,,,,,,,,Narrative,Narrative {[]} {[]},,,"A human-readable narrative that contains a summary of the resource, and may be used to represent the content of the resource to a human. The narrative need not encode all the structured data, but is required to contain sufficient detail to make it ""clinically safe"" for a human to just read the narrative. Resource definitions may define what content should be represented in the narrative to ensure clinical safety.","A human-readable narrative that contains a summary of the resource and can be used to represent the content of the resource to a human. The narrative need not encode all the structured data, but is required to contain sufficient detail to make it ""clinically safe"" for a human to just read the narrative. Resource definitions may define what content should be represented in the narrative to ensure clinical safety.",Contained resources do not have narrative. Resources that are not contained SHOULD have a narrative.,"Contained resources do not have narrative. Resources that are not contained SHOULD have a narrative. In some cases, a resource may only have text with little or no additional discrete data (as long as all minOccurs=1 elements are satisfied).  This may be necessary for data from legacy systems where information is captured as a ""text blob"" or where text is additionally entered raw or narrated and encoded information is added later.",,,,,,,,,,,,,,,,,,,Patient.text,DomainResource.text,,,,,dom-1,,,ele-1:All FHIR elements must have a @value or children {hasValue() or (children().count() > id.count())},,,,
