,Path,Path,Slice Name,Slice Name,Alias(s),Alias(s),Min,Min,Max,Max,Must Support?,Must Support?,Is Modifier?,Is Modifier?,Is Summary?,Is Summary?,Type(s),Type(s),Short,Short,Definition,Definition,Comments,Comments,Requirements,Requirements,Meaning When Missing,Meaning When Missing,Fixed Value,Fixed Value,Pattern,Pattern,Binding Strength,Binding Strength,Binding Description,Binding Description,Binding Value Set,Binding Value Set,Slicing Discriminator,Slicing Discriminator,Slicing Description,Slicing Description,Slicing Rules,Slicing Rules,Base Path,Base Path,Base Min,Base Min,Base Max,Base Max,Condition(s),Condition(s),Constraint(s),Constraint(s),_merge,_merge
,self,other,self,other,self,other,self,other,self,other,self,other,self,other,self,other,self,other,self,other,self,other,self,other,self,other,self,other,self,other,self,other,self,other,self,other,self,other,self,other,self,other,self,other,self,other,self,other,self,other,self,other,self,other,self,other
Path_id,,,,,,,,,,,,,,,,,,,,,,,,,,,,,,,,,,,,,,,,,,,,,,,,,,,,,,,,
Observation,,Observation,,,,"Vital Signs
MeasurementResultsTests",,0.0,,*,,,,,,,,,,US Core Vital Signs Profile,,\-,,\-,,,,,,,,,,,,,,,,,,,,Observation,,0,,*,,,,"dom-2:If the resource is contained in another resource, it SHALL NOT contain nested Resources {contained.contained.empty()}
dom-3:If the resource is contained in another resource, it SHALL be referred to from elsewhere in the resource or SHALL refer to the containing resource {contained.where((('#'+id in (%resource.descendants().reference | %resource.descendants().as(canonical) | %resource.descendants().as(uri) | %resource.descendants().as(url))) or descendants().where(reference = '#').exists() or descendants().where(as(canonical) = '#').exists() or descendants().where(as(canonical) = '#').exists()).not()).trace('unmatched', id).empty()}dom-4:If a resource is contained in another resource, it SHALL NOT have a meta.versionId or a meta.lastUpdated {contained.meta.versionId.empty() and contained.meta.lastUpdated.empty()}dom-5:If a resource is contained in another resource, it SHALL NOT have a security label {contained.meta.security.empty()}dom-6:A resource should have narrative for robust management {text.`div`.exists()}obs-6:dataAbsentReason SHALL only be present if Observation.value[x] is not present {dataAbsentReason.empty() or value.empty()}obs-7:If Observation.code is the same as an Observation.component.code then the value element associated with the code SHALL NOT be present {value.empty() or component.code.where(coding.intersect(%resource.code.coding).exists()).empty()}vs-2:If there is no component or hasMember element then either a value[x] or a data absent reason must be present. {(component.empty() and hasMember.empty()) implies (dataAbsentReason.exists() or value.exists())}",,Event,right_only,
Observation-argoprofile,Observation,,argoprofile,,"Vital Signs
MeasurementResultsTests",,0.0,,*,,,,,,,,,,Argonaut Vital Signs Observation Profile,,"Measurements and simple assertions made about a patient, device or other subject.",,"Used for simple observations such as device measurements, laboratory atomic results, vital signs, height, weight, smoking status, comments, etc.  Other resources are used to provide context for observations such as lab reports, etc.",,,,,,,,,,,,,,,,,,,,Observation,,0.0,,*,,,,"obs-6:SHALL only be present if Observation.value[x] is not present {null}
obs-7:Component code SHALL not be same as observation code {null}arg-2:If there is no component or related element then either a value[x] or a data absent reason must be present {(component.empty() and related.empty()) implies (dataAbsentReason or value)}",,OBX,,,left_only
Observation.basedOn,,Observation.basedOn,,,,Fulfills,,0.0,,*,,,,,,Y,,"Reference {[]} {[CanonicalType[http://hl7.org/fhir/StructureDefinition/CarePlan], CanonicalType[http://hl7.org/fhir/StructureDefinition/DeviceRequest], CanonicalType[http://hl7.org/fhir/StructureDefinition/ImmunizationRecommendation], CanonicalType[http://hl7.org/fhir/StructureDefinition/MedicationRequest], CanonicalType[http://hl7.org/fhir/StructureDefinition/NutritionOrder], CanonicalType[http://hl7.org/fhir/StructureDefinition/ServiceRequest]]}",,"Fulfills plan, proposal or order",,"A plan, proposal or order that is fulfilled in whole or in part by this event.  For example, a MedicationRequest may require a patient to have laboratory test performed before  it is dispensed.",,,,Allows tracing of authorization for the event and tracking whether proposals/recommendations were acted upon.,,,,,,,,,,,,,,,,,,Observation.basedOn,,0,,*,,,,ele-1:All FHIR elements must have a @value or children {hasValue() or (children().count() > id.count())},,Event.basedOn,right_only,
Observation.bodySite,,,,,,,,,,,,,,,,,CodeableConcept,CodeableConcept {[]} {[]},,,,,Only used if not implicit in code found in Observation.code.  If the use case requires BodySite to be handled as a separate resource instead of an inline coded element (e.g. to identify and track separately) then use the standard extension[ body-site-instance](extension-body-site-instance.html).,"Only used if not implicit in code found in Observation.code.  In many systems, this may be represented as a related observation instead of an inline component.   

If the use case requires BodySite to be handled as a separate resource (e.g. to identify and track separately) then use the standard extension[ bodySite](http://hl7.org/fhir/extension-bodysite.html).",Knowing where the observation is made is important for tracking if multiple sites are possible.,,,,,,,,,,,,,,,,,,,,0.0,0,,,,,,ele-1:All FHIR elements must have a @value or children {hasValue() or (children().count() > id.count())},OBX-20,< 123037004 |Body structure|,,
Observation.category,,,,,,,,,1,*,,,,,,,CodeableConcept,CodeableConcept {[]} {[]},,,"A code that classifies the general type of observation being made.  This is used  for searching, sorting and display purposes.",A code that classifies the general type of observation being made.,The level of granularity is defined by the category concepts in the value set.   More fine-grained filtering can be performed using the metadata and/or terminology hierarchy in Observation.code.,"In addition to the required category valueset, this element allows various categorization schemes based on the owner’s definition of the category and effectively multiple categories can be used at once.  The level of granularity is defined by the category concepts in the value set.",,Used for filtering what observations are retrieved and displayed.,,,,,"<valueCodeableConcept xmlns=""http://hl7.org/fhir"">
  <coding>
    <system value=""http://hl7.org/fhir/observation-category""/>
    <code value=""vital-signs""/>
  </coding>
</valueCodeableConcept>",,example,preferred,Codes for high level observation categories .,Codes for high level observation categories.,,,,"value:coding.code}
value:coding.system}",,,Observation.category,open,0.0,Observation.category,1,0,,*,,,".outboundRelationship[typeCode=""COMP].target[classCode=""LIST"", moodCode=""EVN""].code",ele-1:All FHIR elements must have a @value or children {hasValue() or (children().count() > id.count())},,
Observation.category-VSCat,,Observation.category,,VSCat,,,,1.0,,1,,Y,,,,,,CodeableConcept {[]} {[]},,Classification of  type of observation,,A code that classifies the general type of observation being made.,,"In addition to the required category valueset, this element allows various categorization schemes based on the owner’s definition of the category and effectively multiple categories can be used at once.  The level of granularity is defined by the category concepts in the value set.",,Used for filtering what observations are retrieved and displayed.,,,,,,,,preferred,,Codes for high level observation categories.,,http://hl7.org/fhir/ValueSet/observation-category,,,,,,Observation.category,,0,,*,,,,ele-1:All FHIR elements must have a @value or children {hasValue() or (children().count() > id.count())},,".outboundRelationship[typeCode=""COMP].target[classCode=""LIST"", moodCode=""EVN""].code",right_only,
Observation.category.coding,,Observation.category.coding,,,,,,1.0,,*,,Y,,,,Y,,Coding {[]} {[]},,Code defined by a terminology system,,A reference to a code defined by a terminology system.,,"Codes may be defined very casually in enumerations, or code lists, up to very formal definitions such as SNOMED CT - see the HL7 v3 Core Principles for more information.  Ordering of codings is undefined and SHALL NOT be used to infer meaning. Generally, at most only one of the coding values will be labeled as UserSelected = true.",,"Allows for alternative encodings within a code system, and translations to other code systems.",,,,,,,,,,,,,,,,,,CodeableConcept.coding,,0,,*,,,,ele-1:All FHIR elements must have a @value or children {hasValue() or (children().count() > id.count())},,"C*E.1-8, C*E.10-22",right_only,
Observation.category.coding.code,,Observation.category.coding.code,,,,,,1.0,,1,,Y,,,,Y,,code {[]} {[]},,Symbol in syntax defined by the system,,A symbol in syntax defined by the system. The symbol may be a predefined code or an expression in a syntax defined by the coding system (e.g. post-coordination).,,,,Need to refer to a particular code in the system.,,,,"<valueCode xmlns=""http://hl7.org/fhir"" value=""vital-signs""/>",,,,,,,,,,,,,,Coding.code,,0,,1,,,,ele-1:All FHIR elements must have a @value or children {hasValue() or (children().count() > id.count())},,C*E.1,right_only,
Observation.category.coding.display,,Observation.category.coding.display,,,,,,0.0,,1,,,,,,Y,,string {[]} {[]},,Representation defined by the system,,"A representation of the meaning of the code in the system, following the rules of the system.",,,,Need to be able to carry a human-readable meaning of the code for readers that do not know  the system.,,,,,,,,,,,,,,,,,,Coding.display,,0,,1,,,,ele-1:All FHIR elements must have a @value or children {hasValue() or (children().count() > id.count())},,C*E.2 - but note this is not well followed,right_only,
Observation.category.coding.extension,,Observation.category.coding.extension,,,,"extensions
user content",,0.0,,*,,,,,,,,Extension {[]} {[]},,Additional content defined by implementations,,"May be used to represent additional information that is not part of the basic definition of the element. To make the use of extensions safe and manageable, there is a strict set of governance  applied to the definition and use of extensions. Though any implementer can define an extension, there is a set of requirements that SHALL be met as part of the definition of the extension.",,"There can be no stigma associated with the use of extensions by any application, project, or standard - regardless of the institution or jurisdiction that uses or defines the extensions.  The use of extensions is what allows the FHIR specification to retain a core level of simplicity for everyone.",,,,,,,,,,,,,,,,value:url},,Extensions are always sliced by (at least) url,,open,,Element.extension,,0,,*,,,,"ele-1:All FHIR elements must have a @value or children {hasValue() or (children().count() > id.count())}
ext-1:Must have either extensions or value[x], not both {extension.exists() != value.exists()}",right_only,
Observation.category.coding.id,,Observation.category.coding.id,,,,,,0.0,,1,,,,,,,,string {[]} {[]},,Unique id for inter-element referencing,,Unique id for the element within a resource (for internal references). This may be any string value that does not contain spaces.,,,,,,,,,,,,,,,,,,,,,,Element.id,,0,,1,,,,,,,right_only,
Observation.category.coding.system,,Observation.category.coding.system,,,,,,1.0,,1,,Y,,,,Y,,uri {[]} {[]},,Identity of the terminology system,,The identification of the code system that defines the meaning of the symbol in the code.,,"The URI may be an OID (urn:oid:...) or a UUID (urn:uuid:...).  OIDs and UUIDs SHALL be references to the HL7 OID registry. Otherwise, the URI should come from HL7's list of FHIR defined special URIs or it should reference to some definition that establishes the system clearly and unambiguously.",,Need to be unambiguous about the source of the definition of the symbol.,,,,"<valueUri xmlns=""http://hl7.org/fhir"" value=""http://terminology.hl7.org/CodeSystem/observation-category""/>",,,,,,,,,,,,,,Coding.system,,0,,1,,,,ele-1:All FHIR elements must have a @value or children {hasValue() or (children().count() > id.count())},,C*E.3,right_only,
Observation.category.coding.userSelected,,Observation.category.coding.userSelected,,,,,,0.0,,1,,,,,,Y,,boolean {[]} {[]},,If this coding was chosen directly by the user,,Indicates that this coding was chosen by a user directly - e.g. off a pick list of available items (codes or displays).,,"Amongst a set of alternatives, a directly chosen code is the most appropriate starting point for new translations. There is some ambiguity about what exactly 'directly chosen' implies, and trading partner agreement may be needed to clarify the use of this element and its consequences more completely.",,"This has been identified as a clinical safety criterium - that this exact system/code pair was chosen explicitly, rather than inferred by the system based on some rules or language processing.",,,,,,,,,,,,,,,,,,Coding.userSelected,,0,,1,,,,ele-1:All FHIR elements must have a @value or children {hasValue() or (children().count() > id.count())},,Sometimes implied by being first,right_only,
Observation.category.coding.version,,Observation.category.coding.version,,,,,,0.0,,1,,,,,,Y,,string {[]} {[]},,Version of the system - if relevant,,"The version of the code system which was used when choosing this code. Note that a well-maintained code system does not need the version reported, because the meaning of codes is consistent across versions. However this cannot consistently be assured, and when the meaning is not guaranteed to be consistent, the version SHOULD be exchanged.",,"Where the terminology does not clearly define what string should be used to identify code system versions, the recommendation is to use the date (expressed in FHIR date format) on which that version was officially published as the version date.",,,,,,,,,,,,,,,,,,,,Coding.version,,0,,1,,,,ele-1:All FHIR elements must have a @value or children {hasValue() or (children().count() > id.count())},,C*E.7,right_only,
Observation.category.extension,,Observation.category.extension,,,,"extensions
user content",,0.0,,*,,,,,,,,Extension {[]} {[]},,Additional content defined by implementations,,"May be used to represent additional information that is not part of the basic definition of the element. To make the use of extensions safe and manageable, there is a strict set of governance  applied to the definition and use of extensions. Though any implementer can define an extension, there is a set of requirements that SHALL be met as part of the definition of the extension.",,"There can be no stigma associated with the use of extensions by any application, project, or standard - regardless of the institution or jurisdiction that uses or defines the extensions.  The use of extensions is what allows the FHIR specification to retain a core level of simplicity for everyone.",,,,,,,,,,,,,,,,value:url},,Extensions are always sliced by (at least) url,,open,,Element.extension,,0,,*,,,,"ele-1:All FHIR elements must have a @value or children {hasValue() or (children().count() > id.count())}
ext-1:Must have either extensions or value[x], not both {extension.exists() != value.exists()}",right_only,
Observation.category.id,,Observation.category.id,,,,,,0.0,,1,,,,,,,,string {[]} {[]},,Unique id for inter-element referencing,,Unique id for the element within a resource (for internal references). This may be any string value that does not contain spaces.,,,,,,,,,,,,,,,,,,,,,,Element.id,,0,,1,,,,,,,right_only,
Observation.category.text,,Observation.category.text,,,,,,0.0,,1,,,,,,Y,,string {[]} {[]},,Plain text representation of the concept,,A human language representation of the concept as seen/selected/uttered by the user who entered the data and/or which represents the intended meaning of the user.,,Very often the text is the same as a displayName of one of the codings.,,"The codes from the terminologies do not always capture the correct meaning with all the nuances of the human using them, or sometimes there is no appropriate code at all. In these cases, the text is used to capture the full meaning of the source.",,,,,,,,,,,,,,,,,,CodeableConcept.text,,0,,1,,,,ele-1:All FHIR elements must have a @value or children {hasValue() or (children().count() > id.count())},,C*E.9. But note many systems use C*E.2 for this,right_only,
Observation.code,,,,,,Name,,,,,,,,,,Y,CodeableConcept,CodeableConcept {[]} {[]},,,"Describes what was observed. Sometimes this is called the observation ""name"".",Coded Responses from C-CDA Vital Sign Results.,,"*All* code-value and, if present, component.code-component.value pairs need to be taken into account to correctly understand the meaning of the observation.",,,,,,,,,,,This identifies the vital sign result type.,The vital sign codes from the base FHIR and US Core Vital Signs.,http://fhir.org/guides/argonaut/ValueSet/observation-ccdavitalsignresult,http://hl7.org/fhir/us/core/ValueSet/us-core-vital-signs,,,,,,,1.0,1,,,,,,ele-1:All FHIR elements must have a @value or children {hasValue() or (children().count() > id.count())},OBX-3,Event.code,,
Observation.comments,Observation.comments,,,,,,0.0,,1,,,,,,,,string,,Comments about result,,"May include statements about significant, unexpected or unreliable values, or information about the source of the value where this may be relevant to the interpretation of the result.",,,,Need to be able to provide free text additional information.,,,,,,,,,,,,,,,,,,Observation.comments,,0.0,,1,,,,,,"NTE.3 (partner NTE to OBX, or sometimes another (child?) OBX)",,,left_only
Observation.component,,,,,,,,,,,,,,,,Y,BackboneElement,BackboneElement {[]} {[]},Used when reporting systolic and diastolic blood pressure.,Component observations,Some observations have multiple component observations.  These component observations are expressed as separate code value pairs that share the same attributes.  Examples include systolic and diastolic component observations for blood pressure measurement and multiple component observations for genetics observations.,Used when reporting component observation such as systolic and diastolic blood pressure.,For a discussion on the ways Observations can assembled in groups together see [Notes below](observation.html#4.20.4).,For a discussion on the ways Observations can be assembled in groups together see [Notes](http://hl7.org/fhir/observation.html#notes) below.,,,,,,,,,,,,,,,,,,,,,0.0,0,,,,,arg-3:If there is no a value a data absent reason must be present {value.exists() or dataAbsentReason.exists()},"ele-1:All FHIR elements must have a @value or children {hasValue() or (children().count() > id.count())}
vs-3:If there is no a value a data absent reason must be present {value.exists() or dataAbsentReason.exists()}",,,,
Observation.component.code,,,,,,,,,,,,,,,,Y,CodeableConcept,CodeableConcept {[]} {[]},,,,,,*All* code-value and  component.code-component.value pairs need to be taken into account to correctly understand the meaning of the observation.,,,,,,,,,,,This identifies the vital sign result type.,The vital sign codes from the base FHIR and US Core Vital Signs.,http://fhir.org/guides/argonaut/ValueSet/observation-ccdavitalsignresult,http://hl7.org/fhir/us/core/ValueSet/us-core-vital-signs,,,,,,,1.0,1,,,obs-7,,,ele-1:All FHIR elements must have a @value or children {hasValue() or (children().count() > id.count())},OBX-3,< 363787002 |Observable entity| OR < 386053000 |Evaluation procedure|,,
Observation.component.dataAbsentReason,,,,,,,,,,,,,,,,,CodeableConcept,CodeableConcept {[]} {[]},,,Provides a reason why the expected value in the element Observation.value[x] is missing.,Provides a reason why the expected value in the element Observation.component.value[x] is missing.,"""Null"" or exceptional values can be represented two ways in FHIR Observations.  One way is to simply include them in the value set and represent the exceptions in the value.  For example, measurement values for a serology test could be  ""detected"", ""not detected"", ""inconclusive"", or  ""test not done"".   The alternate way is to use the value element for actual observations and use the explicit dataAbsentReason element to record exceptional values.  For example, the dataAbsentReason code ""error"" could be used when the measurement was not completed.  Because of these options, use-case agreements are required to interpret general observations for exceptional values.","""Null"" or exceptional values can be represented two ways in FHIR Observations.  One way is to simply include them in the value set and represent the exceptions in the value.  For example, measurement values for a serology test could be  ""detected"", ""not detected"", ""inconclusive"", or  ""test not done"". 

The alternate way is to use the value element for actual observations and use the explicit dataAbsentReason element to record exceptional values.  For example, the dataAbsentReason code ""error"" could be used when the measurement was not completed.  Because of these options, use-case agreements are required to interpret general observations for exceptional values.",,,,,,,,,,,,Codes specifying why the result (`Observation.value[x]`) is missing.,http://hl7.org/fhir/ValueSet/observation-valueabsentreason,http://hl7.org/fhir/ValueSet/data-absent-reason,,,,,,,0.0,0,,,obs-6,"obs-6
vs-3",,ele-1:All FHIR elements must have a @value or children {hasValue() or (children().count() > id.count())},,,,
Observation.component.extension,,,,,,,,,,,,,,,,,Extension,Extension {[]} {[]},Additional Content defined by implementations,Additional content defined by implementations,"May be used to represent additional information that is not part of the basic definition of the element. In order to make the use of extensions safe and manageable, there is a strict set of governance  applied to the definition and use of extensions. Though any implementer is allowed to define an extension, there is a set of requirements that SHALL be met as part of the definition of the extension.","May be used to represent additional information that is not part of the basic definition of the element. To make the use of extensions safe and manageable, there is a strict set of governance  applied to the definition and use of extensions. Though any implementer can define an extension, there is a set of requirements that SHALL be met as part of the definition of the extension.",,,,,,,,,,,,,,,,,,,,,Observation.component.extension,Element.extension,0.0,0,,,,,,"ele-1:All FHIR elements must have a @value or children {hasValue() or (children().count() > id.count())}
ext-1:Must have either extensions or value[x], not both {extension.exists() != value.exists()}",,,,
Observation.component.id,,,,,,,,,,,,,,,,,id,string {[]} {[]},xml:id (or equivalent in JSON),Unique id for inter-element referencing,unique id for the element within a resource (for internal references).,Unique id for the element within a resource (for internal references). This may be any string value that does not contain spaces.,,,,,,,,,,,,,,,,,,,,,Observation.component.id,Element.id,0.0,0,,,,,,,,,,
Observation.component.interpretation,,Observation.component.interpretation,,,,Abnormal Flag,,0.0,,*,,,,,,,,CodeableConcept {[]} {[]},,"High, low, normal, etc.",,"A categorical assessment of an observation value.  For example, high, low, normal.",,"Historically used for laboratory results (known as 'abnormal flag' ),  its use extends to other use cases where coded interpretations  are relevant.  Often reported as one or more simple compact codes this element is often placed adjacent to the result value in reports and flow sheets to signal the meaning/normalcy status of the result.",,"For some results, particularly numeric results, an interpretation is necessary to fully understand the significance of a result.",,,,,,,,extensible,,Codes identifying interpretations of observations.,,http://hl7.org/fhir/ValueSet/observation-interpretation,,,,,,Observation.component.interpretation,,0,,*,,,,ele-1:All FHIR elements must have a @value or children {hasValue() or (children().count() > id.count())},,< 260245000 |Findings values|,right_only,
Observation.component.modifierExtension,,,,,,,,,,,,,,,,Y,Extension,Extension {[]} {[]},Extensions that cannot be ignored,Extensions that cannot be ignored even if unrecognized,"May be used to represent additional information that is not part of the basic definition of the element, and that modifies the understanding of the element that contains it. Usually modifier elements provide negation or qualification. In order to make the use of extensions safe and manageable, there is a strict set of governance applied to the definition and use of extensions. Though any implementer is allowed to define an extension, there is a set of requirements that SHALL be met as part of the definition of the extension. Applications processing a resource are required to check for modifier extensions.","May be used to represent additional information that is not part of the basic definition of the element and that modifies the understanding of the element in which it is contained and/or the understanding of the containing element's descendants. Usually modifier elements provide negation or qualification. To make the use of extensions safe and manageable, there is a strict set of governance applied to the definition and use of extensions. Though any implementer can define an extension, there is a set of requirements that SHALL be met as part of the definition of the extension. Applications processing a resource are required to check for modifier extensions.

Modifier extensions SHALL NOT change the meaning of any elements on Resource or DomainResource (including cannot change the meaning of modifierExtension itself).",,,,"Modifier extensions allow for extensions that *cannot* be safely ignored to be clearly distinguished from the vast majority of extensions which can be safely ignored.  This promotes interoperability by eliminating the need for implementers to prohibit the presence of extensions. For further information, see the [definition of modifier extensions](http://hl7.org/fhir/extensibility.html#modifierExtension).",,,,,,,,,,,,,,,,,Observation.component.modifierExtension,BackboneElement.modifierExtension,0.0,0,,,,,,"ele-1:All FHIR elements must have a @value or children {hasValue() or (children().count() > id.count())}
ext-1:Must have either extensions or value[x], not both {extension.exists() != value.exists()}",,,,
Observation.component.referenceRange,,,,,,,,,,,,,,,,,,,,,,,"Most observations only have one generic reference range. Systems MAY choose to restrict to only supplying the relevant reference range based on knowledge about the patient (e.g. specific to the patient's age, gender, weight and other factors), but this may not be possible or appropriate. Whenever more than one reference range is supplied, the differences between them SHOULD be provided in the reference range and/or age properties.","Most observations only have one generic reference range. Systems MAY choose to restrict to only supplying the relevant reference range based on knowledge about the patient (e.g., specific to the patient's age, gender, weight and other factors), but this might not be possible or appropriate. Whenever more than one reference range is supplied, the differences between them SHOULD be provided in the reference range and/or age properties.",,,,,,,,,,,,,,,,,,,,,0.0,0,,,,,,ele-1:All FHIR elements must have a @value or children {hasValue() or (children().count() > id.count())},,,,
Observation.component.valueQuantity,Observation.component.valueQuantity,,,,,,0.0,,1,,Y,,,,,,Quantity,,Vital Sign Value recorded with UCUM,,"The information determined as a result of making the observation, if the information has a simple value.",,"Normally, an observation will have either a value or a set of related observations. A few observations (e.g. Apgar score) may have both a value and related observations (for an Apgar score, the observations from which the measure is derived). If a value is present, the datatype for this element should be determined by Observation.code. A CodeableConcept with just a text would be used instead of a string if the field was usually coded, or if the type associated with the Observation.code defines a coded value.   For boolean values use valueCodeableConcept and select codes from <http://hl7.org/fhir/ValueSet/v2-0136> (These ""yes/no"" concepts can be mapped to the display name ""true/false"" or other mutually exclusive terms that may be needed"").  The element, Observation.value[x], has a variable name depending on the type as follows: valueQuantity, valueCodeableConcept, valueRatio, valueChoice, valuePeriod, valueSampleData, or valueString (The name format is ""'value' + the type name"" with a capital on the first letter of the type).",,"9. SHALL contain exactly one [1..1] value with @xsi:type=""PQ"" (CONF:7305).",,,,,,,,extensible,,Common UCUM units for recording Vital Signs,,http://fhir.org/guides/argonaut/ValueSet/ucum-vitals-common,,,,,,Observation.component.value[x],,0.0,,1,,,,,,"OBX.2, OBX.5, OBX.6",,,left_only
Observation.component.valueQuantity.code,Observation.component.valueQuantity.code,,,,,,1.0,,1,,Y,,,,,,code,,Coded responses from the common UCUM units for vital signs value set.,,A computer processable form of the unit in some unit representation system.,,"The preferred system is UCUM, but SNOMED CT can also be used (for customary units) or ISO 4217 for currency.  The context of use may additionally require a code from a particular system.",,"Need a computable form of the unit that is fixed across all forms. UCUM provides this for quantities, but SNOMED CT provides many units of interest.",,,,,,,,,,,,,,,,,,Quantity.code,,0.0,,1,,,,,,(see OBX.6 etc.) / CQ.2,,,left_only
Observation.component.valueQuantity.comparator,Observation.component.valueQuantity.comparator,,,,,,0.0,,1,,,,Y,,Y,,code,,< | <= | >= | > - how to understand the value,,"How the value should be understood and represented - whether the actual value is greater or less than the stated value due to measurement issues; e.g. if the comparator is ""<"" , then the real value is < stated value.",,"This is labeled as ""Is Modifier"" because the comparator modifies the interpretation of the value significantly. If there is no comparator, then there is no modification of the value.",,Need a framework for handling measures where the value is <5ug/L or >400mg/L due to the limitations of measuring methodology.,,"If there is no comparator, then there is no modification of the value",,,,,,required,,How the Quantity should be understood and represented.,,http://hl7.org/fhir/ValueSet/quantity-comparator,,,,,,Quantity.comparator,,0.0,,1,,,,,,SN.1  / CQ.1,,,left_only
Observation.component.valueQuantity.extension,Observation.component.valueQuantity.extension,,,,"extensions
user content",,0.0,,*,,,,,,,,Extension,,Additional Content defined by implementations,,"May be used to represent additional information that is not part of the basic definition of the element. In order to make the use of extensions safe and manageable, there is a strict set of governance  applied to the definition and use of extensions. Though any implementer is allowed to define an extension, there is a set of requirements that SHALL be met as part of the definition of the extension.",,"There can be no stigma associated with the use of extensions by any application, project, or standard - regardless of the institution or jurisdiction that uses or defines the extensions.  The use of extensions is what allows the FHIR specification to retain a core level of simplicity for everyone.",,,,,,,,,,,,,,,,,,,,Quantity.extension,,0.0,,*,,,,,,,,,left_only
Observation.component.valueQuantity.id,Observation.component.valueQuantity.id,,,,,,0.0,,1,,,,,,,,id,,xml:id (or equivalent in JSON),,unique id for the element within a resource (for internal references).,,,,,,,,,,,,,,,,,,,,,,Quantity.id,,0.0,,1,,,,,,,,,left_only
Observation.component.valueQuantity.system,Observation.component.valueQuantity.system,,,,,,1.0,,1,,Y,,,,,,uri,,System that defines coded unit form,,The identification of the system that provides the coded form of the unit.,,,,Need to know the system that defines the coded form of the unit.,,,,"<valueUri xmlns=""http://hl7.org/fhir"" value=""http://unitsofmeasure.org""/>",,,,,,,,,,,,,,Quantity.system,,0.0,,1,,qty-3,,,,(see OBX.6 etc.) / CQ.2,,,left_only
Observation.component.valueQuantity.unit,Observation.component.valueQuantity.unit,,,,,,1.0,,1,,Y,,,,,,string,,Unit representation,,A human-readable form of the unit.,,,,"There are many representations for units of measure and in many contexts, particular representations are fixed and required. I.e. mcg for micrograms.",,,,,,,,,,,,,,,,,,Quantity.unit,,0.0,,1,,,,,,(see OBX.6 etc.) / CQ.2,,,left_only
Observation.component.valueQuantity.value,Observation.component.valueQuantity.value,,,,,,1.0,,1,,Y,,,,,,decimal,,Numerical value (with implicit precision),,The value of the measured amount. The value includes an implicit precision in the presentation of the value.,,The implicit precision in the value should always be honored. Monetary values have their own rules for handling precision (refer to standard accounting text books).,,Precision is handled implicitly in almost all cases of measurement.,,,,,,,,,,,,,,,,,,Quantity.value,,0.0,,1,,,,,,SN.2  / CQ - N/A,,,left_only
Observation.component.value[x],,Observation.component.value[x],,,,,,0.0,,1,,Y,,,,Y,,"Quantity {[]} {[]}
CodeableConcept {[]} {[]}string {[]} {[]}boolean {[]} {[]}integer {[]} {[]}Range {[]} {[]}Ratio {[]} {[]}SampledData {[]} {[]}time {[]} {[]}dateTime {[]} {[]}Period {[]} {[]}",,Vital Sign Component Value,,Vital Signs value are typically recorded using the Quantity data type. For supporting observations such as cuff size could use other datatypes such as CodeableConcept.,,"Used when observation has a set of component observations. An observation may have both a value (e.g. an  Apgar score)  and component observations (the observations from which the Apgar score was derived). If a value is present, the datatype for this element should be determined by Observation.code. A CodeableConcept with just a text would be used instead of a string if the field was usually coded, or if the type associated with the Observation.code defines a coded value.  For additional guidance, see the [Notes section](http://hl7.org/fhir/observation.html#notes) below.",,"9. SHALL contain exactly one [1..1] value with @xsi:type=""PQ"" (CONF:7305).",,,,,,,,extensible,,Common UCUM units for recording Vital Signs.,,http://hl7.org/fhir/ValueSet/ucum-vitals-common|4.0.1,,,,,,Observation.component.value[x],,0,,1,,vs-3,,ele-1:All FHIR elements must have a @value or children {hasValue() or (children().count() > id.count())},,363714003 |Interprets| < 441742003 |Evaluation finding|,right_only,
Observation.contained,,,,,,,,,,,,,,,,,Resource,Resource {[]} {[]},,,,,"This should never be done when the content can be identified properly, as once identification is lost, it is extremely difficult (and context dependent) to restore it again.","This should never be done when the content can be identified properly, as once identification is lost, it is extremely difficult (and context dependent) to restore it again. Contained resources may have profiles and tags In their meta elements, but SHALL NOT have security labels.",,,,,,,,,,,,,,,,,,,Observation.contained,DomainResource.contained,0.0,0,,,,,,,,,,
Observation.dataAbsentReason,,,,,,,,,,,,,,,,,CodeableConcept,CodeableConcept {[]} {[]},,,,,"Null or exceptional values can be represented two ways in FHIR Observations.  One way is to simply include them in the value set and represent the exceptions in the value.  For example, measurement values for a serology test could be  ""detected"", ""not detected"", ""inconclusive"", or  ""specimen unsatisfactory"".   The alternate way is to use the value element for actual observations and use the explicit dataAbsentReason element to record exceptional values.  For example, the dataAbsentReason code ""error"" could be used when the measurement was not completed.  Because of these options, use-case agreements are required to interpret general observations for exceptional values.","Null or exceptional values can be represented two ways in FHIR Observations.  One way is to simply include them in the value set and represent the exceptions in the value.  For example, measurement values for a serology test could be  ""detected"", ""not detected"", ""inconclusive"", or  ""specimen unsatisfactory"".   

The alternate way is to use the value element for actual observations and use the explicit dataAbsentReason element to record exceptional values.  For example, the dataAbsentReason code ""error"" could be used when the measurement was not completed. Note that an observation may only be reported if there are values to report. For example differential cell counts values may be reported only when > 0.  Because of these options, use-case agreements are required to interpret general observations for null or exceptional values.",,,,,,,,,,,,Codes specifying why the result (`Observation.value[x]`) is missing.,http://hl7.org/fhir/ValueSet/observation-valueabsentreason,http://hl7.org/fhir/ValueSet/data-absent-reason,,,,,,,0.0,0,,,obs-6,"obs-6
vs-2",,ele-1:All FHIR elements must have a @value or children {hasValue() or (children().count() > id.count())},,,,
Observation.derivedFrom,,Observation.derivedFrom,,,,,,0.0,,*,,,,,,Y,,"Reference {[]} {[CanonicalType[http://hl7.org/fhir/StructureDefinition/DocumentReference], CanonicalType[http://hl7.org/fhir/StructureDefinition/ImagingStudy], CanonicalType[http://hl7.org/fhir/StructureDefinition/Media], CanonicalType[http://hl7.org/fhir/StructureDefinition/QuestionnaireResponse], CanonicalType[http://hl7.org/fhir/StructureDefinition/MolecularSequence], CanonicalType[http://hl7.org/fhir/StructureDefinition/vitalsigns]]}",,Related measurements the observation is made from,,"The target resource that represents a measurement from which this observation value is derived. For example, a calculated anion gap or a fetal measurement based on an ultrasound image.",,"All the reference choices that are listed in this element can represent clinical observations and other measurements that may be the source for a derived value.  The most common reference will be another Observation.  For a discussion on the ways Observations can assembled in groups together, see [Notes](http://hl7.org/fhir/observation.html#obsgrouping) below.",,,,,,,,,,,,,,,,,,,,Observation.derivedFrom,,0,,*,,,,ele-1:All FHIR elements must have a @value or children {hasValue() or (children().count() > id.count())},,Relationships established by OBX-4 usage,right_only,
Observation.device,,,,,,,,,,,,,,,,,"Reference {http://hl7.org/fhir/StructureDefinition/Device}
Reference {http://hl7.org/fhir/StructureDefinition/DeviceMetric}","Reference {[]} {[CanonicalType[http://hl7.org/fhir/StructureDefinition/Device], CanonicalType[http://hl7.org/fhir/StructureDefinition/DeviceMetric]]}",,,,,An extension should be used if further typing of the device is needed.  Devices used to support obtaining an observation can be represented using either extension or through the Observation.related element.,"Note that this is not meant to represent a device involved in the transmission of the result, e.g., a gateway.  Such devices may be documented using the Provenance resource where relevant.",,,,,,,,,,,,,,,,,,,,,0.0,0,,,,,,ele-1:All FHIR elements must have a @value or children {hasValue() or (children().count() > id.count())},OBX-17 / PRT -10,< 49062001 |Device|,,
Observation.effective[x],,,,,,Occurrence,,,,,,,,,,Y,"dateTime
Period","dateTime {[]} {[]}
Period {[]} {[]}",,,"The time or time-period the observed value is asserted as being true. For biological subjects - e.g. human patients - this is usually called the ""physiologically relevant time"". This is usually either the time of the procedure or of specimen collection, but very often the source of the date/time is not known, only the date/time itself.",Often just a dateTime for Vital Signs.,At least a date should be present unless this observation is a historical report.,"At least a date should be present unless this observation is a historical report.  For recording imprecise or ""fuzzy"" times (For example, a blood glucose measurement taken ""after breakfast"") use the [Timing](http://hl7.org/fhir/datatypes.html#timing) datatype which allow the measurement to be tied to regular life events.",,,,,,,,,,,,,,,,,,,,,0.0,0,,,,vs-1,arg-1:Datetime must be at least to day. {length() >= 8},"ele-1:All FHIR elements must have a @value or children {hasValue() or (children().count() > id.count())}
vs-1:if Observation.effective[x] is dateTime and has a value then that value shall be precise to the day {($this as dateTime).toString().length() >= 8}","OBX-14, and/or OBX-19 after v2.4  (depends on who observation made)",Event.occurrence[x],,
Observation.encounter,,,,,,Context,,,,,,,,,,Y,Reference {http://hl7.org/fhir/StructureDefinition/Encounter},Reference {[]} {[CanonicalType[http://hl7.org/fhir/StructureDefinition/Encounter]]},,,,,,"This will typically be the encounter the event occurred within, but some events may be initiated prior to or after the official completion of an encounter but still be tied to the context of the encounter (e.g. pre-admission laboratory tests).",,,,,,,,,,,,,,,,,,,,,0.0,0,,,,,,ele-1:All FHIR elements must have a @value or children {hasValue() or (children().count() > id.count())},PV1,Event.context,,
Observation.extension,,,,,,,,,,,,,,,,,Extension,Extension {[]} {[]},Additional Content defined by implementations,Additional content defined by implementations,"May be used to represent additional information that is not part of the basic definition of the resource. In order to make the use of extensions safe and manageable, there is a strict set of governance  applied to the definition and use of extensions. Though any implementer is allowed to define an extension, there is a set of requirements that SHALL be met as part of the definition of the extension.","May be used to represent additional information that is not part of the basic definition of the resource. To make the use of extensions safe and manageable, there is a strict set of governance  applied to the definition and use of extensions. Though any implementer can define an extension, there is a set of requirements that SHALL be met as part of the definition of the extension.",,,,,,,,,,,,,,,,,,,,,Observation.extension,DomainResource.extension,0.0,0,,,,,,"ele-1:All FHIR elements must have a @value or children {hasValue() or (children().count() > id.count())}
ext-1:Must have either extensions or value[x], not both {extension.exists() != value.exists()}",,,,
Observation.focus,,Observation.focus,,,,,,0.0,,*,,,,,,Y,,Reference {[]} {[CanonicalType[http://hl7.org/fhir/StructureDefinition/Resource]]},,"What the observation is about, when it is not about the subject of record",,"The actual focus of an observation when it is not the patient of record representing something or someone associated with the patient such as a spouse, parent, fetus, or donor. For example, fetus observations in a mother's record.  The focus of an observation could also be an existing condition,  an intervention, the subject's diet,  another observation of the subject,  or a body structure such as tumor or implanted device.   An example use case would be using the Observation resource to capture whether the mother is trained to change her child's tracheostomy tube. In this example, the child is the patient of record and the mother is the focus.",,"Typically, an observation is made about the subject - a patient, or group of patients, location, or device - and the distinction between the subject and what is directly measured for an observation is specified in the observation code itself ( e.g., ""Blood Glucose"") and does not need to be represented separately using this element.  Use `specimen` if a reference to a specimen is required.  If a code is required instead of a resource use either  `bodysite` for bodysites or the standard extension [focusCode](http://hl7.org/fhir/extension-observation-focuscode.html).",,,,,,,,,,,,,,,,,,,,Observation.focus,,0,,*,,,,ele-1:All FHIR elements must have a @value or children {hasValue() or (children().count() > id.count())},,OBX-3,right_only,
Observation.hasMember,,Observation.hasMember,,,,,,0.0,,*,,,,,,Y,,"Reference {[]} {[CanonicalType[http://hl7.org/fhir/StructureDefinition/QuestionnaireResponse], CanonicalType[http://hl7.org/fhir/StructureDefinition/MolecularSequence], CanonicalType[http://hl7.org/fhir/StructureDefinition/vitalsigns]]}",,Used when reporting vital signs panel components,,Used when reporting vital signs panel components.,,"When using this element, an observation will typically have either a value or a set of related resources, although both may be present in some cases.  For a discussion on the ways Observations can assembled in groups together, see [Notes](http://hl7.org/fhir/observation.html#obsgrouping) below.  Note that a system may calculate results from [QuestionnaireResponse](http://hl7.org/fhir/questionnaireresponse.html)  into a final score and represent the score as an Observation.",,,,,,,,,,,,,,,,,,,,Observation.hasMember,,0,,*,,,,ele-1:All FHIR elements must have a @value or children {hasValue() or (children().count() > id.count())},,Relationships established by OBX-4 usage,right_only,
Observation.id,,,,,,,,,,,,,,,,,id,string {[]} {[]},,,,,"The only time that a resource does not have an id is when it is being submitted to the server using a create operation. Bundles always have an id, though it is usually a generated UUID.",The only time that a resource does not have an id is when it is being submitted to the server using a create operation.,,,,,,,,,,,,,,,,,,,Observation.id,Resource.id,0.0,0,,,,,,,,,,
Observation.identifier,,,,,,,,,,,,,,,,Y,Identifier,Identifier {[]} {[]},Unique Id for this particular observation,Business Identifier for observation,A unique identifier for the simple observation instance.,A unique identifier assigned to this observation.,,,,,,,,,,,,,,,,,,,,,,,0.0,0,,,,,,ele-1:All FHIR elements must have a @value or children {hasValue() or (children().count() > id.count())},OBX.21,Event.identifier,,
Observation.implicitRules,,,,,,,,,,,,,,,,,uri,uri {[]} {[]},,,"A reference to a set of rules that were followed when the resource was constructed, and which must be understood when processing the content.","A reference to a set of rules that were followed when the resource was constructed, and which must be understood when processing the content. Often, this is a reference to an implementation guide that defines the special rules along with other profiles etc.","Asserting this rule set restricts the content to be only understood by a limited set of trading partners. This inherently limits the usefulness of the data in the long term. However, the existing health eco-system is highly fractured, and not yet ready to define, collect, and exchange data in a generally computable sense. Wherever possible, implementers and/or specification writers should avoid using this element as much as possible.","Asserting this rule set restricts the content to be only understood by a limited set of trading partners. This inherently limits the usefulness of the data in the long term. However, the existing health eco-system is highly fractured, and not yet ready to define, collect, and exchange data in a generally computable sense. Wherever possible, implementers and/or specification writers should avoid using this element. Often, when used, the URL is a reference to an implementation guide that defines these special rules as part of it's narrative along with other profiles, value sets, etc.",,,,,,,,,,,,,,,,,,,Observation.implicitRules,Resource.implicitRules,0.0,0,,,,,,ele-1:All FHIR elements must have a @value or children {hasValue() or (children().count() > id.count())},,,,
Observation.interpretation,,,,,,,,,1,*,,,,,,,CodeableConcept,CodeableConcept {[]} {[]},,,The assessment made based on the result of the observation.  Intended as a simple compact code often placed adjacent to the result value in reports and flow sheets to signal the meaning/normalcy status of the result. Otherwise known as abnormal flag.,"A categorical assessment of an observation value.  For example, high, low, normal.",,"Historically used for laboratory results (known as 'abnormal flag' ),  its use extends to other use cases where coded interpretations  are relevant.  Often reported as one or more simple compact codes this element is often placed adjacent to the result value in reports and flow sheets to signal the meaning/normalcy status of the result.",,,,,,,,,,,,,,,,,,,,,0.0,0,1,*,,,,ele-1:All FHIR elements must have a @value or children {hasValue() or (children().count() > id.count())},OBX-8,< 260245000 |Findings values|,,
Observation.issued,,,,,,,,,,,,,,,,,instant,instant {[]} {[]},Date/Time this was made available,Date/Time this version was made available,"The date and time this observation was made available to providers, typically after the results have been reviewed and verified.","The date and time this version of the observation was made available to providers, typically after the results have been reviewed and verified.",Updated when the result is updated.,"For Observations that don’t require review and verification, it may be the same as the [`lastUpdated` ](http://hl7.org/fhir/resource-definitions.html#Meta.lastUpdated) time of the resource itself.  For Observations that do require review and verification for certain updates, it might not be the same as the `lastUpdated` time of the resource itself due to a non-clinically significant update that doesn’t require the new version to be reviewed and verified again.",,,,,,,,,,,,,,,,,,,,,0.0,0,,,,,,ele-1:All FHIR elements must have a @value or children {hasValue() or (children().count() > id.count())},,,,
Observation.language,,,,,,,,,,,,,,,,,code,code {[]} {[]},,,,,"Language is provided to support indexing and accessibility (typically, services such as text to speech use the language tag). The html language tag in the narrative applies  to the narrative. The language tag on the resource may be used to specify the language of other presentations generated from the data in the resource  Not all the content has to be in the base language. The Resource.language should not be assumed to apply to the narrative automatically. If a language is specified, it should it also be specified on the div element in the html (see rules in HTML5 for information about the relationship between xml:lang and the html lang attribute).","Language is provided to support indexing and accessibility (typically, services such as text to speech use the language tag). The html language tag in the narrative applies  to the narrative. The language tag on the resource may be used to specify the language of other presentations generated from the data in the resource. Not all the content has to be in the base language. The Resource.language should not be assumed to apply to the narrative automatically. If a language is specified, it should it also be specified on the div element in the html (see rules in HTML5 for information about the relationship between xml:lang and the html lang attribute).",,,,,,,,,required,preferred,,,http://tools.ietf.org/html/bcp47,http://hl7.org/fhir/ValueSet/languages,,,,,Observation.language,Resource.language,0.0,0,,,,,,ele-1:All FHIR elements must have a @value or children {hasValue() or (children().count() > id.count())},,,,
Observation.meta,,,,,,,,,,,,,,,,,Meta,Meta {[]} {[]},,,The metadata about the resource. This is content that is maintained by the infrastructure. Changes to the content may not always be associated with version changes to the resource.,The metadata about the resource. This is content that is maintained by the infrastructure. Changes to the content might not always be associated with version changes to the resource.,,,,,,,,,,,,,,,,,,,,,Observation.meta,Resource.meta,0.0,0,,,,,,ele-1:All FHIR elements must have a @value or children {hasValue() or (children().count() > id.count())},,,,
Observation.method,,,,,,,,,,,,,,,,,CodeableConcept,CodeableConcept {[]} {[]},,,,,,,,,,,,,,,,,,,,,,,,,,,0.0,0,,,,,,ele-1:All FHIR elements must have a @value or children {hasValue() or (children().count() > id.count())},,,,
Observation.modifierExtension,,,,,,,,,,,,,,,,,Extension,Extension {[]} {[]},,,"May be used to represent additional information that is not part of the basic definition of the resource, and that modifies the understanding of the element that contains it. Usually modifier elements provide negation or qualification. In order to make the use of extensions safe and manageable, there is a strict set of governance applied to the definition and use of extensions. Though any implementer is allowed to define an extension, there is a set of requirements that SHALL be met as part of the definition of the extension. Applications processing a resource are required to check for modifier extensions.","May be used to represent additional information that is not part of the basic definition of the resource and that modifies the understanding of the element that contains it and/or the understanding of the containing element's descendants. Usually modifier elements provide negation or qualification. To make the use of extensions safe and manageable, there is a strict set of governance applied to the definition and use of extensions. Though any implementer is allowed to define an extension, there is a set of requirements that SHALL be met as part of the definition of the extension. Applications processing a resource are required to check for modifier extensions.

Modifier extensions SHALL NOT change the meaning of any elements on Resource or DomainResource (including cannot change the meaning of modifierExtension itself).",,,,"Modifier extensions allow for extensions that *cannot* be safely ignored to be clearly distinguished from the vast majority of extensions which can be safely ignored.  This promotes interoperability by eliminating the need for implementers to prohibit the presence of extensions. For further information, see the [definition of modifier extensions](http://hl7.org/fhir/extensibility.html#modifierExtension).",,,,,,,,,,,,,,,,,Observation.modifierExtension,DomainResource.modifierExtension,0.0,0,,,,,,"ele-1:All FHIR elements must have a @value or children {hasValue() or (children().count() > id.count())}
ext-1:Must have either extensions or value[x], not both {extension.exists() != value.exists()}",,,,
Observation.note,,Observation.note,,,,,,0.0,,*,,,,,,,,Annotation {[]} {[]},,Comments about the observation,,Comments about the observation or the results.,,"May include general statements about the observation, or statements about significant, unexpected or unreliable results values, or information about its source when relevant to its interpretation.",,Need to be able to provide free text additional information.,,,,,,,,,,,,,,,,,,Observation.note,,0,,*,,,,ele-1:All FHIR elements must have a @value or children {hasValue() or (children().count() > id.count())},,"NTE.3 (partner NTE to OBX, or sometimes another (child?) OBX)",right_only,
Observation.partOf,,Observation.partOf,,,,Container,,0.0,,*,,,,,,Y,,"Reference {[]} {[CanonicalType[http://hl7.org/fhir/StructureDefinition/MedicationAdministration], CanonicalType[http://hl7.org/fhir/StructureDefinition/MedicationDispense], CanonicalType[http://hl7.org/fhir/StructureDefinition/MedicationStatement], CanonicalType[http://hl7.org/fhir/StructureDefinition/Procedure], CanonicalType[http://hl7.org/fhir/StructureDefinition/Immunization], CanonicalType[http://hl7.org/fhir/StructureDefinition/ImagingStudy]]}",,Part of referenced event,,"A larger event of which this particular Observation is a component or step.  For example,  an observation as part of a procedure.",,To link an Observation to an Encounter use `encounter`.  See the  [Notes](http://hl7.org/fhir/observation.html#obsgrouping) below for guidance on referencing another Observation.,,,,,,,,,,,,,,,,,,,,Observation.partOf,,0,,*,,,,ele-1:All FHIR elements must have a @value or children {hasValue() or (children().count() > id.count())},,Event.partOf,right_only,
Observation.performer,,,,,,,,,,,,,,,,,"Reference {http://hl7.org/fhir/StructureDefinition/Practitioner}
Reference {http://hl7.org/fhir/StructureDefinition/Organization}Reference {http://hl7.org/fhir/StructureDefinition/Patient}Reference {http://hl7.org/fhir/StructureDefinition/RelatedPerson}","Reference {[]} {[CanonicalType[http://hl7.org/fhir/StructureDefinition/Practitioner], CanonicalType[http://hl7.org/fhir/StructureDefinition/PractitionerRole], CanonicalType[http://hl7.org/fhir/StructureDefinition/Organization], CanonicalType[http://hl7.org/fhir/StructureDefinition/CareTeam], CanonicalType[http://hl7.org/fhir/StructureDefinition/Patient], CanonicalType[http://hl7.org/fhir/StructureDefinition/RelatedPerson]]}",,,,,,,,,,,,,,,,,,,,,,,,,,,0.0,0,,,,,,ele-1:All FHIR elements must have a @value or children {hasValue() or (children().count() > id.count())},"OBX.15 / (Practitioner)  OBX-16,  PRT-5:PRT-4='RO' /  (Device)  OBX-18 , PRT-10:PRT-4='EQUIP' / (Organization)  OBX-23,  PRT-8:PRT-4='PO'",Event.performer.actor,,
Observation.referenceRange,,,,,,,,,,,,,,,,,BackboneElement,BackboneElement {[]} {[]},,,Guidance on how to interpret the value by comparison to a normal or recommended range.,"Guidance on how to interpret the value by comparison to a normal or recommended range.  Multiple reference ranges are interpreted as an ""OR"".   In other words, to represent two distinct target populations, two `referenceRange` elements would be used.","Most observations only have one generic reference range. Systems MAY choose to restrict to only supplying the relevant reference range based on knowledge about the patient (e.g. specific to the patient's age, gender, weight and other factors), but this may not be possible or appropriate. Whenever more than one reference range is supplied, the differences between them SHOULD be provided in the reference range and/or age properties.","Most observations only have one generic reference range. Systems MAY choose to restrict to only supplying the relevant reference range based on knowledge about the patient (e.g., specific to the patient's age, gender, weight and other factors), but this might not be possible or appropriate. Whenever more than one reference range is supplied, the differences between them SHOULD be provided in the reference range and/or age properties.",,,,,,,,,,,,,,,,,,,,,0.0,0,,,,,obs-3:Must have at least a low or a high or text {null},"ele-1:All FHIR elements must have a @value or children {hasValue() or (children().count() > id.count())}
obs-3:Must have at least a low or a high or text {low.exists() or high.exists() or text.exists()}",,,,
Observation.referenceRange.age,,,,,,,,,,,,,,,,,Range,Range {[]} {[]},,,,,,,,,,,,,,,,,,,,,,,,,,,0.0,0,,,,,,ele-1:All FHIR elements must have a @value or children {hasValue() or (children().count() > id.count())},,,,
Observation.referenceRange.appliesTo,,Observation.referenceRange.appliesTo,,,,,,0.0,,*,,,,,,,,CodeableConcept {[]} {[]},,Reference range population,,"Codes to indicate the target population this reference range applies to.  For example, a reference range may be based on the normal population or a particular sex or race.  Multiple `appliesTo`  are interpreted as an ""AND"" of the target populations.  For example, to represent a target population of African American females, both a code of female and a code for African American would be used.",,This SHOULD be populated if there is more than one range.  If this element is not present then the normal population is assumed.,,Need to be able to identify the target population for proper interpretation.,,,,,,,,example,,Codes identifying the population the reference range applies to.,,http://hl7.org/fhir/ValueSet/referencerange-appliesto,,,,,,Observation.referenceRange.appliesTo,,0,,*,,,,ele-1:All FHIR elements must have a @value or children {hasValue() or (children().count() > id.count())},,< 260245000 |Findings values| OR  < 365860008 |General clinical state finding| OR < 250171008 |Clinical history or observation findings| OR  < 415229000 |Racial group| OR < 365400002 |Finding of puberty stage| OR< 443938003 |Procedure carried out on subject|,right_only,
Observation.referenceRange.extension,,,,,,,,,,,,,,,,,Extension,Extension {[]} {[]},Additional Content defined by implementations,Additional content defined by implementations,"May be used to represent additional information that is not part of the basic definition of the element. In order to make the use of extensions safe and manageable, there is a strict set of governance  applied to the definition and use of extensions. Though any implementer is allowed to define an extension, there is a set of requirements that SHALL be met as part of the definition of the extension.","May be used to represent additional information that is not part of the basic definition of the element. To make the use of extensions safe and manageable, there is a strict set of governance  applied to the definition and use of extensions. Though any implementer can define an extension, there is a set of requirements that SHALL be met as part of the definition of the extension.",,,,,,,,,,,,,,,,,,,,,Observation.referenceRange.extension,Element.extension,0.0,0,,,,,,"ele-1:All FHIR elements must have a @value or children {hasValue() or (children().count() > id.count())}
ext-1:Must have either extensions or value[x], not both {extension.exists() != value.exists()}",,,,
Observation.referenceRange.high,,,,,,,,,,,,,,,,,Quantity {http://hl7.org/fhir/StructureDefinition/SimpleQuantity},Quantity {[CanonicalType[http://hl7.org/fhir/StructureDefinition/SimpleQuantity]]} {[]},,,"The value of the high bound of the reference range.  The high bound of the reference range endpoint is inclusive of the value (e.g.  reference range is >=5 - <=9).   If the high bound is omitted,  it is assumed to be meaningless (e.g. reference range is >= 2.3).","The value of the high bound of the reference range.  The high bound of the reference range endpoint is inclusive of the value (e.g.  reference range is >=5 - <=9). If the high bound is omitted,  it is assumed to be meaningless (e.g. reference range is >= 2.3).",,,,,,,,,,,,,,,,,,,,,,,0.0,0,,,,,,ele-1:All FHIR elements must have a @value or children {hasValue() or (children().count() > id.count())},,,,
Observation.referenceRange.id,,,,,,,,,,,,,,,,,id,string {[]} {[]},xml:id (or equivalent in JSON),Unique id for inter-element referencing,unique id for the element within a resource (for internal references).,Unique id for the element within a resource (for internal references). This may be any string value that does not contain spaces.,,,,,,,,,,,,,,,,,,,,,Observation.referenceRange.id,Element.id,0.0,0,,,,,,,,,,
Observation.referenceRange.low,,,,,,,,,,,,,,,,,Quantity {http://hl7.org/fhir/StructureDefinition/SimpleQuantity},Quantity {[CanonicalType[http://hl7.org/fhir/StructureDefinition/SimpleQuantity]]} {[]},,,"The value of the low bound of the reference range.  The low bound of the reference range endpoint is inclusive of the value (e.g.  reference range is >=5 - <=9).   If the low bound is omitted,  it is assumed to be meaningless (e.g. reference range is <=2.3).","The value of the low bound of the reference range.  The low bound of the reference range endpoint is inclusive of the value (e.g.  reference range is >=5 - <=9). If the low bound is omitted,  it is assumed to be meaningless (e.g. reference range is <=2.3).",,,,,,,,,,,,,,,,,,,,,,,0.0,0,,,,,,ele-1:All FHIR elements must have a @value or children {hasValue() or (children().count() > id.count())},,,,
Observation.referenceRange.meaning,Observation.referenceRange.meaning,,,,,,0.0,,1,,,,,,,,CodeableConcept,,Indicates the meaning/use of this range of this range,,Code for the meaning of the reference range.,,This SHOULD be populated if there is more than one range.,,"Need to be able to say what kind of reference range this is - normal, recommended, therapeutic, or perhaps what state this reference range applies to (i.e. age, hormonal cycles, etc.).",,,,,,,,example,,Code for the meaning of a reference range.,,http://hl7.org/fhir/ValueSet/referencerange-meaning,,,,,,Observation.referenceRange.meaning,,0.0,,1,,,,,,OBX-10?,,,left_only
Observation.referenceRange.modifierExtension,,,,,,,,,,,,,,,,Y,Extension,Extension {[]} {[]},Extensions that cannot be ignored,Extensions that cannot be ignored even if unrecognized,"May be used to represent additional information that is not part of the basic definition of the element, and that modifies the understanding of the element that contains it. Usually modifier elements provide negation or qualification. In order to make the use of extensions safe and manageable, there is a strict set of governance applied to the definition and use of extensions. Though any implementer is allowed to define an extension, there is a set of requirements that SHALL be met as part of the definition of the extension. Applications processing a resource are required to check for modifier extensions.","May be used to represent additional information that is not part of the basic definition of the element and that modifies the understanding of the element in which it is contained and/or the understanding of the containing element's descendants. Usually modifier elements provide negation or qualification. To make the use of extensions safe and manageable, there is a strict set of governance applied to the definition and use of extensions. Though any implementer can define an extension, there is a set of requirements that SHALL be met as part of the definition of the extension. Applications processing a resource are required to check for modifier extensions.

Modifier extensions SHALL NOT change the meaning of any elements on Resource or DomainResource (including cannot change the meaning of modifierExtension itself).",,,,"Modifier extensions allow for extensions that *cannot* be safely ignored to be clearly distinguished from the vast majority of extensions which can be safely ignored.  This promotes interoperability by eliminating the need for implementers to prohibit the presence of extensions. For further information, see the [definition of modifier extensions](http://hl7.org/fhir/extensibility.html#modifierExtension).",,,,,,,,,,,,,,,,,Observation.referenceRange.modifierExtension,BackboneElement.modifierExtension,0.0,0,,,,,,"ele-1:All FHIR elements must have a @value or children {hasValue() or (children().count() > id.count())}
ext-1:Must have either extensions or value[x], not both {extension.exists() != value.exists()}",,,,
Observation.referenceRange.text,,,,,,,,,,,,,,,,,string,string {[]} {[]},,,"Text based reference range in an observation which may be used when a quantitative range is not appropriate for an observation.  An example would be a reference value of ""Negative"" or a list or table of 'normals'.","Text based reference range in an observation which may be used when a quantitative range is not appropriate for an observation.  An example would be a reference value of ""Negative"" or a list or table of ""normals"".",,,,,,,,,,,,,,,,,,,,,,,0.0,0,,,,,,ele-1:All FHIR elements must have a @value or children {hasValue() or (children().count() > id.count())},,,,
Observation.referenceRange.type,,Observation.referenceRange.type,,,,,,0.0,,1,,,,,,,,CodeableConcept {[]} {[]},,Reference range qualifier,,"Codes to indicate the what part of the targeted reference population it applies to. For example, the normal or therapeutic range.",,This SHOULD be populated if there is more than one range.  If this element is not present then the normal range is assumed.,,"Need to be able to say what kind of reference range this is - normal, recommended, therapeutic, etc.,  - for proper interpretation.",,,,,,,,preferred,,Code for the meaning of a reference range.,,http://hl7.org/fhir/ValueSet/referencerange-meaning,,,,,,Observation.referenceRange.type,,0,,1,,,,ele-1:All FHIR elements must have a @value or children {hasValue() or (children().count() > id.count())},,< 260245000 |Findings values| OR  < 365860008 |General clinical state finding| OR < 250171008 |Clinical history or observation findings| OR  < 415229000 |Racial group| OR < 365400002 |Finding of puberty stage| OR< 443938003 |Procedure carried out on subject|,right_only,
Observation.related,Observation.related,,,,,,0.0,,*,,Y,,,,,,BackboneElement,,Used when reporting systolic and diastolic blood pressure.,,A  reference to another resource (usually another Observation but could  also be a QuestionnaireAnswer) whose relationship is defined by the relationship type code.,,For a discussion on the ways Observations can assembled in groups together see [Notes below](observation.html#4.20.4).,,"Normally, an observation will have either a value or a set of related observations. A few observations (e.g. Apgar score) may have both a value and a set of related observations or sometimes QuestionnaireResponse  from which the measure is derived.",,,,,,,,,,,,,,,,,,Observation.related,,0.0,,*,,,,,,Relationships established by OBX-4 usage,,,left_only
Observation.related.extension,Observation.related.extension,,,,"extensions
user content",,0.0,,*,,,,,,,,Extension,,Additional Content defined by implementations,,"May be used to represent additional information that is not part of the basic definition of the element. In order to make the use of extensions safe and manageable, there is a strict set of governance  applied to the definition and use of extensions. Though any implementer is allowed to define an extension, there is a set of requirements that SHALL be met as part of the definition of the extension.",,"There can be no stigma associated with the use of extensions by any application, project, or standard - regardless of the institution or jurisdiction that uses or defines the extensions.  The use of extensions is what allows the FHIR specification to retain a core level of simplicity for everyone.",,,,,,,,,,,,,,,,,,,,Observation.related.extension,,0.0,,*,,,,,,,,,left_only
Observation.related.id,Observation.related.id,,,,,,0.0,,1,,,,,,,,id,,xml:id (or equivalent in JSON),,unique id for the element within a resource (for internal references).,,,,,,,,,,,,,,,,,,,,,,Observation.related.id,,0.0,,1,,,,,,,,,left_only
Observation.related.modifierExtension,Observation.related.modifierExtension,,,,"extensions
user contentmodifiers",,0.0,,*,,,,Y,,,,Extension,,Extensions that cannot be ignored,,"May be used to represent additional information that is not part of the basic definition of the element, and that modifies the understanding of the element that contains it. Usually modifier elements provide negation or qualification. In order to make the use of extensions safe and manageable, there is a strict set of governance applied to the definition and use of extensions. Though any implementer is allowed to define an extension, there is a set of requirements that SHALL be met as part of the definition of the extension. Applications processing a resource are required to check for modifier extensions.",,"There can be no stigma associated with the use of extensions by any application, project, or standard - regardless of the institution or jurisdiction that uses or defines the extensions.  The use of extensions is what allows the FHIR specification to retain a core level of simplicity for everyone.",,,,,,,,,,,,,,,,,,,,Observation.related.modifierExtension,,0.0,,*,,,,,,,,,left_only
Observation.related.target,Observation.related.target,,,,,,1.0,,1,,Y,,,,,,Reference {http://fhir.org/guides/argonaut/StructureDefinition/argo-vitalsigns},,Resource that is related to this one,,A reference to the observation or [[[QuestionnaireResponse]]] resource that is related to this observation.,,,,,,,,,,,,,,,,,,,,,,Observation.related.target,,1.0,,1,,,,,,.targetObservation,,,left_only
Observation.related.type,Observation.related.type,,,,,,1.0,,1,,Y,,,,,,code,,has-member | derived-from | sequel-to | replaces | qualified-by | interfered-by,,A code specifying the kind of relationship that exists with the target resource.,,"""derived-from"" is only logical choice when referencing QuestionnaireAnswer resource.",,A relationship type SHOULD be provided.,,,,"<valueCode xmlns=""http://hl7.org/fhir"" value=""has-member""/>",,,,required,,Codes specifying how two observations are related.,,http://hl7.org/fhir/ValueSet/observation-relationshiptypes,,,,,,Observation.related.type,,0.0,,1,,,,,,,,,left_only
Observation.specimen,,,,,,,,,,,,,,,,,Reference {http://hl7.org/fhir/StructureDefinition/Specimen},Reference {[]} {[CanonicalType[http://hl7.org/fhir/StructureDefinition/Specimen]]},,,,,"Observations are not made on specimens themselves; they are made on a subject, but usually by the means of a specimen. Note that although specimens are often involved, they are not always tracked and reported explicitly. Also note that observation resources may be used in contexts that track the specimen explicitly (e.g. Diagnostic Report).","Should only be used if not implicit in code found in `Observation.code`.  Observations are not made on specimens themselves; they are made on a subject, but in many cases by the means of a specimen. Note that although specimens are often involved, they are not always tracked and reported explicitly. Also note that observation resources may be used in contexts that track the specimen explicitly (e.g. Diagnostic Report).",,,,,,,,,,,,,,,,,,,,,0.0,0,,,,,,ele-1:All FHIR elements must have a @value or children {hasValue() or (children().count() > id.count())},SPM segment,< 123038009 |Specimen|,,
Observation.status,,,,,,,,,,,,,,,,Y,code,code {[]} {[]},,,,,,This element is labeled as a modifier because the status contains codes that mark the resource as not currently valid.,,,,,,,,,,,,,http://hl7.org/fhir/ValueSet/observation-status,http://hl7.org/fhir/ValueSet/observation-status|4.0.1,,,,,,,1.0,1,,,,,,ele-1:All FHIR elements must have a @value or children {hasValue() or (children().count() > id.count())},OBX-11,Event.status,,
Observation.subject,,,,,,,,,,,,,,,,Y,Reference {http://fhir.org/guides/argonaut/StructureDefinition/argo-patient},Reference {[]} {[CanonicalType[http://hl7.org/fhir/us/core/StructureDefinition/us-core-patient]]},Who and/or what this is about,Who and/or what the observation is about,"The patient, or group of patients, location, or device whose characteristics (direct or indirect) are described by the observation and into whose record the observation is placed.  Comments: Indirect characteristics may be those of a specimen, fetus, donor,  other observer (for example a relative or EMT), or any observation made about the subject.","The patient, or group of patients, location, or device this observation is about and into whose record the observation is placed. If the actual focus of the observation is different from the subject (or a sample of, part, or region of the subject), the `focus` element or the `code` itself specifies the actual focus of the observation.","One would expect this element to be a cardinality  of 1..1.  The only circumstance in which the subject can be missing is when the observation is made by a device that does not know the patient. In this case, the observation SHALL be matched to a patient through some context/channel matching technique, and at this point, the observation should be updated.  If the target of the observation is different than the subject, the general extension [observation-focal-subject](extension-observation-focal-subject.html).  may be used.  However, the distinction between the patient's own value for an observation versus that of the fetus, or the donor or blood product unit, etc., are often specified in the observation code.","One would expect this element to be a cardinality of 1..1. The only circumstance in which the subject can be missing is when the observation is made by a device that does not know the patient. In this case, the observation SHALL be matched to a patient through some context/channel matching technique, and at this point, the observation should be updated.",,,,,,,,,,,,,,,,,,,,,0.0,0,,,,,,ele-1:All FHIR elements must have a @value or children {hasValue() or (children().count() > id.count())},PID-3,Event.subject,,
Observation.text,,,,,,,,,,,,,,,,,Narrative,Narrative {[]} {[]},,,"A human-readable narrative that contains a summary of the resource, and may be used to represent the content of the resource to a human. The narrative need not encode all the structured data, but is required to contain sufficient detail to make it ""clinically safe"" for a human to just read the narrative. Resource definitions may define what content should be represented in the narrative to ensure clinical safety.","A human-readable narrative that contains a summary of the resource and can be used to represent the content of the resource to a human. The narrative need not encode all the structured data, but is required to contain sufficient detail to make it ""clinically safe"" for a human to just read the narrative. Resource definitions may define what content should be represented in the narrative to ensure clinical safety.",Contained resources do not have narrative. Resources that are not contained SHOULD have a narrative.,"Contained resources do not have narrative. Resources that are not contained SHOULD have a narrative. In some cases, a resource may only have text with little or no additional discrete data (as long as all minOccurs=1 elements are satisfied).  This may be necessary for data from legacy systems where information is captured as a ""text blob"" or where text is additionally entered raw or narrated and encoded information is added later.",,,,,,,,,,,,,,,,,,,Observation.text,DomainResource.text,0.0,0,,,dom-1,,,ele-1:All FHIR elements must have a @value or children {hasValue() or (children().count() > id.count())},,,,
Observation.valueQuantity,Observation.valueQuantity,,,,,,0.0,,1,,Y,,,,,,Quantity,,Vital Sign Value recorded with UCUM,,"The information determined as a result of making the observation, if the information has a simple value.",,"Normally, an observation will have either a value or a set of related observations. A few observations (e.g. Apgar score) may have both a value and related observations (for an Apgar score, the observations from which the measure is derived). If a value is present, the datatype for this element should be determined by Observation.code. This element has a variable name depending on the type as follows: valueQuantity, valueCodeableConcept, valueString, valueRange, valueRatio, valueSampledData, valueAttachment, valueTime, valueDateTime, or valuePeriod. (The name format is ""'value' + the type name"" with a capital on the first letter of the type).   If the data element is usually coded or if the type associated with the Observation.value defines a coded value, use CodeableConcept instead of string datatype even if the value is uncoded text.  A value set is bound to the ValueCodeableConcept element.  For boolean values use valueCodeableConcept and select codes from [HL7 Version 2 Table 0136](v2/0136/index.html). These ""yes/no"" concepts can be mapped to the display name ""true/false"" or other mutually exclusive terms that may be needed.   For further discussion and examples see the  [notes section](observation.html#4.20.4) below.",,"9. SHALL contain exactly one [1..1] value with @xsi:type=""PQ"" (CONF:7305).",,,,,,,,extensible,,Common UCUM units for recording Vital Signs,,http://fhir.org/guides/argonaut/ValueSet/ucum-vitals-common,,,,,,Observation.value[x],,0.0,,1,,,,,,"OBX.2, OBX.5, OBX.6",,,left_only
Observation.valueQuantity.code,Observation.valueQuantity.code,,,,,,1.0,,1,,Y,,,,,,code,,Coded responses from the common UCUM units for vital signs value set.,,A computer processable form of the unit in some unit representation system.,,"The preferred system is UCUM, but SNOMED CT can also be used (for customary units) or ISO 4217 for currency.  The context of use may additionally require a code from a particular system.",,"Need a computable form of the unit that is fixed across all forms. UCUM provides this for quantities, but SNOMED CT provides many units of interest.",,,,,,,,,,,,,,,,,,Quantity.code,,0.0,,1,,,,,,(see OBX.6 etc.) / CQ.2,,,left_only
Observation.valueQuantity.comparator,Observation.valueQuantity.comparator,,,,,,0.0,,1,,,,Y,,Y,,code,,< | <= | >= | > - how to understand the value,,"How the value should be understood and represented - whether the actual value is greater or less than the stated value due to measurement issues; e.g. if the comparator is ""<"" , then the real value is < stated value.",,"This is labeled as ""Is Modifier"" because the comparator modifies the interpretation of the value significantly. If there is no comparator, then there is no modification of the value.",,Need a framework for handling measures where the value is <5ug/L or >400mg/L due to the limitations of measuring methodology.,,"If there is no comparator, then there is no modification of the value",,,,,,required,,How the Quantity should be understood and represented.,,http://hl7.org/fhir/ValueSet/quantity-comparator,,,,,,Quantity.comparator,,0.0,,1,,,,,,SN.1  / CQ.1,,,left_only
Observation.valueQuantity.extension,Observation.valueQuantity.extension,,,,"extensions
user content",,0.0,,*,,,,,,,,Extension,,Additional Content defined by implementations,,"May be used to represent additional information that is not part of the basic definition of the element. In order to make the use of extensions safe and manageable, there is a strict set of governance  applied to the definition and use of extensions. Though any implementer is allowed to define an extension, there is a set of requirements that SHALL be met as part of the definition of the extension.",,"There can be no stigma associated with the use of extensions by any application, project, or standard - regardless of the institution or jurisdiction that uses or defines the extensions.  The use of extensions is what allows the FHIR specification to retain a core level of simplicity for everyone.",,,,,,,,,,,,,,,,,,,,Quantity.extension,,0.0,,*,,,,,,,,,left_only
Observation.valueQuantity.id,Observation.valueQuantity.id,,,,,,0.0,,1,,,,,,,,id,,xml:id (or equivalent in JSON),,unique id for the element within a resource (for internal references).,,,,,,,,,,,,,,,,,,,,,,Quantity.id,,0.0,,1,,,,,,,,,left_only
Observation.valueQuantity.system,Observation.valueQuantity.system,,,,,,1.0,,1,,Y,,,,,,uri,,System that defines coded unit form,,The identification of the system that provides the coded form of the unit.,,,,Need to know the system that defines the coded form of the unit.,,,,"<valueUri xmlns=""http://hl7.org/fhir"" value=""http://unitsofmeasure.org""/>",,,,,,,,,,,,,,Quantity.system,,0.0,,1,,qty-3,,,,(see OBX.6 etc.) / CQ.2,,,left_only
Observation.valueQuantity.unit,Observation.valueQuantity.unit,,,,,,1.0,,1,,Y,,,,,,string,,Unit representation,,A human-readable form of the unit.,,,,"There are many representations for units of measure and in many contexts, particular representations are fixed and required. I.e. mcg for micrograms.",,,,,,,,,,,,,,,,,,Quantity.unit,,0.0,,1,,,,,,(see OBX.6 etc.) / CQ.2,,,left_only
Observation.valueQuantity.value,Observation.valueQuantity.value,,,,,,1.0,,1,,Y,,,,,,decimal,,Numerical value (with implicit precision),,The value of the measured amount. The value includes an implicit precision in the presentation of the value.,,The implicit precision in the value should always be honored. Monetary values have their own rules for handling precision (refer to standard accounting text books).,,Precision is handled implicitly in almost all cases of measurement.,,,,,,,,,,,,,,,,,,Quantity.value,,0.0,,1,,,,,,SN.2  / CQ - N/A,,,left_only
Observation.value[x],,Observation.value[x],,,,,,0.0,,1,,Y,,,,Y,,"Quantity {[]} {[]}
CodeableConcept {[]} {[]}string {[]} {[]}boolean {[]} {[]}integer {[]} {[]}Range {[]} {[]}Ratio {[]} {[]}SampledData {[]} {[]}time {[]} {[]}dateTime {[]} {[]}Period {[]} {[]}",,Vital Signs Value,,Vital Signs value are typically recorded using the Quantity data type.,,"An observation may have; 1)  a single value here, 2)  both a value and a set of related or component values,  or 3)  only a set of related or component values. If a value is present, the datatype for this element should be determined by Observation.code.  A CodeableConcept with just a text would be used instead of a string if the field was usually coded, or if the type associated with the Observation.code defines a coded value.  For additional guidance, see the [Notes section](http://hl7.org/fhir/observation.html#notes) below.",,"9. SHALL contain exactly one [1..1] value with @xsi:type=""PQ"" (CONF:7305).",,,,,,,,extensible,,Common UCUM units for recording Vital Signs.,,http://hl7.org/fhir/ValueSet/ucum-vitals-common|4.0.1,,,,,,Observation.value[x],,0,,1,,"obs-7
vs-2",,ele-1:All FHIR elements must have a @value or children {hasValue() or (children().count() > id.count())},,< 441742003 |Evaluation finding|,right_only,
