,Path,Path,Slice Name,Slice Name,Alias(s),Alias(s),Min,Min,Max,Max,Must Support?,Must Support?,Is Modifier?,Is Modifier?,Is Summary?,Is Summary?,Type(s),Type(s),Short,Short,Definition,Definition,Comments,Comments,Requirements,Requirements,Meaning When Missing,Meaning When Missing,Binding Strength,Binding Strength,Binding Description,Binding Description,Binding Value Set,Binding Value Set,Slicing Rules,Slicing Rules,Base Path,Base Path,Base Min,Base Min,Base Max,Base Max,Condition(s),Condition(s),Constraint(s),Constraint(s),_merge,_merge
,self,other,self,other,self,other,self,other,self,other,self,other,self,other,self,other,self,other,self,other,self,other,self,other,self,other,self,other,self,other,self,other,self,other,self,other,self,other,self,other,self,other,self,other,self,other,self,other
Path_id,,,,,,,,,,,,,,,,,,,,,,,,,,,,,,,,,,,,,,,,,,,,,,,,
Immunization,,Immunization,,,,,,0.0,,*,,,,,,,,,,Immunization event information,,\-,,\-,,,,,,,,,,,,Immunization,,0.0,,*,,,,"dom-2:If the resource is contained in another resource, it SHALL NOT contain nested Resources {contained.contained.empty()}
dom-3:If the resource is contained in another resource, it SHALL be referred to from elsewhere in the resource or SHALL refer to the containing resource {contained.where((('#'+id in (%resource.descendants().reference | %resource.descendants().as(canonical) | %resource.descendants().as(uri) | %resource.descendants().as(url))) or descendants().where(reference = '#').exists() or descendants().where(as(canonical) = '#').exists() or descendants().where(as(canonical) = '#').exists()).not()).trace('unmatched', id).empty()}dom-4:If a resource is contained in another resource, it SHALL NOT have a meta.versionId or a meta.lastUpdated {contained.meta.versionId.empty() and contained.meta.lastUpdated.empty()}dom-5:If a resource is contained in another resource, it SHALL NOT have a security label {contained.meta.security.empty()}dom-6:A resource should have narrative for robust management {text.`div`.exists()}us-core-5:SHOULD have a translation to the NDC value set {vaccineCode.coding.where(system='http://hl7.org/fhir/sid/ndc').empty()}",,Event,right_only,
Immunization-argoprofile,Immunization,,argoprofile,,,,0.0,,*,,,,,,,,,,Argonaut Immunization Profile,,"Describes the event of a patient being administered a vaccination or a record of a vaccination as reported by a patient, a clinician or another party and may include vaccine reaction information and what vaccination protocol was followed.",,,,,,,,,,,,,,Immunization,,0.0,,*,,,,"imm-2:If immunization was administered (wasNotGiven=false) then explanation.reasonNotGiven SHALL be absent. {null}
imm-1:If immunization was not administred (wasNotGiven=true) then there SHALL be no reaction nor explanation.reason present {null}",,VXU_V04,,,left_only
Immunization.contained,,,,,,,,,,,,,,,,,Resource,Resource {[]} {[]},,,,,"This should never be done when the content can be identified properly, as once identification is lost, it is extremely difficult (and context dependent) to restore it again.","This should never be done when the content can be identified properly, as once identification is lost, it is extremely difficult (and context dependent) to restore it again. Contained resources may have profiles and tags In their meta elements, but SHALL NOT have security labels.",,,,,,,,,,,Immunization.contained,DomainResource.contained,,,,,,,,,,,,
Immunization.date,Immunization.date,,,,,,1.0,,1,,Y,,,,,,dateTime,,Vaccination administration date,,Date vaccine administered or was to be administered.,,"When immunizations are given a specific date and time should always be known.   When immunizations are patient reported, a specific date might not be known.  Although partial dates are allowed, an adult patient might not be able to recall the year a childhood immunization was given.",,,,,,,,,,,,Immunization.date,,0.0,,1,,,,,,RXA-3,,,left_only
Immunization.doseQuantity,,,,,,,,,,,,,,,,,Quantity {http://hl7.org/fhir/StructureDefinition/SimpleQuantity},Quantity {[CanonicalType[http://hl7.org/fhir/StructureDefinition/SimpleQuantity]]} {[]},,,,,,,,,,,,,,,,,,,,,,,,,,ele-1:All FHIR elements must have a @value or children {hasValue() or (children().count() > id.count())},RXA-6 / RXA-7.1,RXA-6 / RXA-7,,
Immunization.education,,Immunization.education,,,,,,0.0,,*,,,,,,,,BackboneElement {[]} {[]},,Educational material presented to patient,,Educational material presented to the patient (or guardian) at the time of vaccine administration.,,,,,,,,,,,,,,Immunization.education,,0.0,,*,,,,"ele-1:All FHIR elements must have a @value or children {hasValue() or (children().count() > id.count())}
imm-1:One of documentType or reference SHALL be present {documentType.exists() or reference.exists()}",,,right_only,
Immunization.education.documentType,,Immunization.education.documentType,,,,,,0.0,,1,,,,,,,,string {[]} {[]},,Educational material document identifier,,Identifier of the material presented to the patient.,,,,,,,,,,,,,,Immunization.education.documentType,,0.0,,1,,,,ele-1:All FHIR elements must have a @value or children {hasValue() or (children().count() > id.count())},,OBX-5 : OBX-3 = 69764-9,right_only,
Immunization.education.extension,,Immunization.education.extension,,,,"extensions
user content",,0.0,,*,,,,,,,,Extension {[]} {[]},,Additional content defined by implementations,,"May be used to represent additional information that is not part of the basic definition of the element. To make the use of extensions safe and manageable, there is a strict set of governance  applied to the definition and use of extensions. Though any implementer can define an extension, there is a set of requirements that SHALL be met as part of the definition of the extension.",,"There can be no stigma associated with the use of extensions by any application, project, or standard - regardless of the institution or jurisdiction that uses or defines the extensions.  The use of extensions is what allows the FHIR specification to retain a core level of simplicity for everyone.",,,,,,,,,,,,Element.extension,,0.0,,*,,,,"ele-1:All FHIR elements must have a @value or children {hasValue() or (children().count() > id.count())}
ext-1:Must have either extensions or value[x], not both {extension.exists() != value.exists()}",,,right_only,
Immunization.education.id,,Immunization.education.id,,,,,,0.0,,1,,,,,,,,string {[]} {[]},,Unique id for inter-element referencing,,Unique id for the element within a resource (for internal references). This may be any string value that does not contain spaces.,,,,,,,,,,,,,,Element.id,,0.0,,1,,,,,,,right_only,
Immunization.education.modifierExtension,,Immunization.education.modifierExtension,,,,"extensions
user contentmodifiers",,0.0,,*,,,,Y,,Y,,Extension {[]} {[]},,Extensions that cannot be ignored even if unrecognized,,"May be used to represent additional information that is not part of the basic definition of the element and that modifies the understanding of the element in which it is contained and/or the understanding of the containing element's descendants. Usually modifier elements provide negation or qualification. To make the use of extensions safe and manageable, there is a strict set of governance applied to the definition and use of extensions. Though any implementer can define an extension, there is a set of requirements that SHALL be met as part of the definition of the extension. Applications processing a resource are required to check for modifier extensions.

Modifier extensions SHALL NOT change the meaning of any elements on Resource or DomainResource (including cannot change the meaning of modifierExtension itself).",,"There can be no stigma associated with the use of extensions by any application, project, or standard - regardless of the institution or jurisdiction that uses or defines the extensions.  The use of extensions is what allows the FHIR specification to retain a core level of simplicity for everyone.",,"Modifier extensions allow for extensions that *cannot* be safely ignored to be clearly distinguished from the vast majority of extensions which can be safely ignored.  This promotes interoperability by eliminating the need for implementers to prohibit the presence of extensions. For further information, see the [definition of modifier extensions](http://hl7.org/fhir/R4/extensibility.html#modifierExtension).",,,,,,,,,,BackboneElement.modifierExtension,,0.0,,*,,,,"ele-1:All FHIR elements must have a @value or children {hasValue() or (children().count() > id.count())}
ext-1:Must have either extensions or value[x], not both {extension.exists() != value.exists()}",,,right_only,
Immunization.education.presentationDate,,Immunization.education.presentationDate,,,,,,0.0,,1,,,,,,,,dateTime {[]} {[]},,Educational material presentation date,,Date the educational material was given to the patient.,,,,,,,,,,,,,,Immunization.education.presentationDate,,0.0,,1,,,,ele-1:All FHIR elements must have a @value or children {hasValue() or (children().count() > id.count())},,OBX-5 : OBX-3 = 29769-7,right_only,
Immunization.education.publicationDate,,Immunization.education.publicationDate,,,,,,0.0,,1,,,,,,,,dateTime {[]} {[]},,Educational material publication date,,Date the educational material was published.,,,,,,,,,,,,,,Immunization.education.publicationDate,,0.0,,1,,,,ele-1:All FHIR elements must have a @value or children {hasValue() or (children().count() > id.count())},,OBX-5 : OBX-3 = 29768-9,right_only,
Immunization.education.reference,,Immunization.education.reference,,,,,,0.0,,1,,,,,,,,uri {[]} {[]},,Educational material reference pointer,,Reference pointer to the educational material given to the patient if the information was on line.,,,,,,,,,,,,,,Immunization.education.reference,,0.0,,1,,,,ele-1:All FHIR elements must have a @value or children {hasValue() or (children().count() > id.count())},,,right_only,
Immunization.encounter,,,,,,,,,,,,,,,,,Reference {http://hl7.org/fhir/StructureDefinition/Encounter},Reference {[]} {[CanonicalType[http://hl7.org/fhir/StructureDefinition/Encounter]]},Encounter administered as part of,Encounter immunization was part of,,,,,,,,,,,,,,,,,,,,,,,,ele-1:All FHIR elements must have a @value or children {hasValue() or (children().count() > id.count())},PV1-19,Event.context,,
Immunization.expirationDate,,,,,,,,,,,,,,,,,date,date {[]} {[]},,,,,,,,,,,,,,,,,,,,,,,,,,ele-1:All FHIR elements must have a @value or children {hasValue() or (children().count() > id.count())},,,,
Immunization.explanation,Immunization.explanation,,,,,,0.0,,1,,,,,,,,BackboneElement,,Administration/non-administration reasons,,Reasons why a vaccine was or was not administered.,,,,,,,,,,,,,,Immunization.explanation,,0.0,,1,,,,,,,,,left_only
Immunization.explanation.extension,Immunization.explanation.extension,,,,"extensions
user content",,0.0,,*,,,,,,,,Extension,,Additional Content defined by implementations,,"May be used to represent additional information that is not part of the basic definition of the element. In order to make the use of extensions safe and manageable, there is a strict set of governance  applied to the definition and use of extensions. Though any implementer is allowed to define an extension, there is a set of requirements that SHALL be met as part of the definition of the extension.",,"There can be no stigma associated with the use of extensions by any application, project, or standard - regardless of the institution or jurisdiction that uses or defines the extensions.  The use of extensions is what allows the FHIR specification to retain a core level of simplicity for everyone.",,,,,,,,,,,,Immunization.explanation.extension,,0.0,,*,,,,,,,,,left_only
Immunization.explanation.id,Immunization.explanation.id,,,,,,0.0,,1,,,,,,,,id,,xml:id (or equivalent in JSON),,unique id for the element within a resource (for internal references).,,,,,,,,,,,,,,Immunization.explanation.id,,0.0,,1,,,,,,,,,left_only
Immunization.explanation.modifierExtension,Immunization.explanation.modifierExtension,,,,"extensions
user contentmodifiers",,0.0,,*,,,,Y,,,,Extension,,Extensions that cannot be ignored,,"May be used to represent additional information that is not part of the basic definition of the element, and that modifies the understanding of the element that contains it. Usually modifier elements provide negation or qualification. In order to make the use of extensions safe and manageable, there is a strict set of governance applied to the definition and use of extensions. Though any implementer is allowed to define an extension, there is a set of requirements that SHALL be met as part of the definition of the extension. Applications processing a resource are required to check for modifier extensions.",,"There can be no stigma associated with the use of extensions by any application, project, or standard - regardless of the institution or jurisdiction that uses or defines the extensions.  The use of extensions is what allows the FHIR specification to retain a core level of simplicity for everyone.",,,,,,,,,,,,Immunization.explanation.modifierExtension,,0.0,,*,,,,,,,,,left_only
Immunization.explanation.reason,Immunization.explanation.reason,,,,,,0.0,,*,,,,,,,,CodeableConcept,,Why immunization occurred,,Reasons why a vaccine was administered.,,,,,,,,example,,The reason why a vaccine was administered,,http://hl7.org/fhir/ValueSet/immunization-reason,,Immunization.explanation.reason,,0.0,,*,,,,,,[actionNegationInd=false].reasonCode,,,left_only
Immunization.explanation.reasonNotGiven,Immunization.explanation.reasonNotGiven,,,,,,0.0,,*,,,,,,,,CodeableConcept,,Why immunization did not occur,,Reason why a vaccine was not administered.,,,,,,,,example,,The reason why a vaccine was not administered,,http://hl7.org/fhir/ValueSet/no-immunization-reason,,Immunization.explanation.reasonNotGiven,,0.0,,*,,,,,,RXA-18,,,left_only
Immunization.extension,,,,,,,,,,,,,,,,,Extension,Extension {[]} {[]},Additional Content defined by implementations,Additional content defined by implementations,"May be used to represent additional information that is not part of the basic definition of the resource. In order to make the use of extensions safe and manageable, there is a strict set of governance  applied to the definition and use of extensions. Though any implementer is allowed to define an extension, there is a set of requirements that SHALL be met as part of the definition of the extension.","May be used to represent additional information that is not part of the basic definition of the resource. To make the use of extensions safe and manageable, there is a strict set of governance  applied to the definition and use of extensions. Though any implementer can define an extension, there is a set of requirements that SHALL be met as part of the definition of the extension.",,,,,,,,,,,,,Immunization.extension,DomainResource.extension,,,,,,,,"ele-1:All FHIR elements must have a @value or children {hasValue() or (children().count() > id.count())}
ext-1:Must have either extensions or value[x], not both {extension.exists() != value.exists()}",,,,
Immunization.fundingSource,,Immunization.fundingSource,,,,,,0.0,,1,,,,,,,,CodeableConcept {[]} {[]},,Funding source for the vaccine,,"Indicates the source of the vaccine actually administered. This may be different than the patient eligibility (e.g. the patient may be eligible for a publically purchased vaccine but due to inventory issues, vaccine purchased with private funds was actually administered).",,,,,,,,example,,The source of funding used to purchase the vaccine administered.,,http://hl7.org/fhir/ValueSet/immunization-funding-source,,Immunization.fundingSource,,0.0,,1,,,,ele-1:All FHIR elements must have a @value or children {hasValue() or (children().count() > id.count())},,,right_only,
Immunization.id,,,,,,,,,,,,,,,,,id,string {[]} {[]},,,,,"The only time that a resource does not have an id is when it is being submitted to the server using a create operation. Bundles always have an id, though it is usually a generated UUID.",The only time that a resource does not have an id is when it is being submitted to the server using a create operation.,,,,,,,,,,,Immunization.id,Resource.id,,,,,,,,,,,,
Immunization.identifier,,,,,,,,,,,,,,,,,Identifier,Identifier {[]} {[]},,,,,,,,,,,,,,,,,,,,,,,,,,ele-1:All FHIR elements must have a @value or children {hasValue() or (children().count() > id.count())},.id,Event.identifier,,
Immunization.implicitRules,,,,,,,,,,,,,,,,,uri,uri {[]} {[]},,,"A reference to a set of rules that were followed when the resource was constructed, and which must be understood when processing the content.","A reference to a set of rules that were followed when the resource was constructed, and which must be understood when processing the content. Often, this is a reference to an implementation guide that defines the special rules along with other profiles etc.","Asserting this rule set restricts the content to be only understood by a limited set of trading partners. This inherently limits the usefulness of the data in the long term. However, the existing health eco-system is highly fractured, and not yet ready to define, collect, and exchange data in a generally computable sense. Wherever possible, implementers and/or specification writers should avoid using this element as much as possible.","Asserting this rule set restricts the content to be only understood by a limited set of trading partners. This inherently limits the usefulness of the data in the long term. However, the existing health eco-system is highly fractured, and not yet ready to define, collect, and exchange data in a generally computable sense. Wherever possible, implementers and/or specification writers should avoid using this element. Often, when used, the URL is a reference to an implementation guide that defines these special rules as part of it's narrative along with other profiles, value sets, etc.",,,,,,,,,,,Immunization.implicitRules,Resource.implicitRules,,,,,,,,ele-1:All FHIR elements must have a @value or children {hasValue() or (children().count() > id.count())},,,,
Immunization.isSubpotent,,Immunization.isSubpotent,,,,,,0.0,,1,,,,Y,,Y,,boolean {[]} {[]},,Dose potency,,"Indication if a dose is considered to be subpotent. By default, a dose should be considered to be potent.",,"Typically, the recognition of the dose being sub-potent is retrospective, after the administration (ex. notification of a manufacturer recall after administration). However, in the case of a partial administration (the patient moves unexpectedly and only some of the dose is actually administered), subpotency may be recognized immediately, but it is still important to record the event.",,,,"By default, a dose should be considered to be potent.",,,,,,,,Immunization.isSubpotent,,0.0,,1,,,,ele-1:All FHIR elements must have a @value or children {hasValue() or (children().count() > id.count())},,RXA-20 = PA (partial administration),right_only,
Immunization.language,,,,,,,,,,,,,,,,,code,code {[]} {[]},,,,,"Language is provided to support indexing and accessibility (typically, services such as text to speech use the language tag). The html language tag in the narrative applies  to the narrative. The language tag on the resource may be used to specify the language of other presentations generated from the data in the resource  Not all the content has to be in the base language. The Resource.language should not be assumed to apply to the narrative automatically. If a language is specified, it should it also be specified on the div element in the html (see rules in HTML5 for information about the relationship between xml:lang and the html lang attribute).","Language is provided to support indexing and accessibility (typically, services such as text to speech use the language tag). The html language tag in the narrative applies  to the narrative. The language tag on the resource may be used to specify the language of other presentations generated from the data in the resource. Not all the content has to be in the base language. The Resource.language should not be assumed to apply to the narrative automatically. If a language is specified, it should it also be specified on the div element in the html (see rules in HTML5 for information about the relationship between xml:lang and the html lang attribute).",,,,,required,preferred,,,http://tools.ietf.org/html/bcp47,http://hl7.org/fhir/ValueSet/languages,Immunization.language,Resource.language,,,,,,,,ele-1:All FHIR elements must have a @value or children {hasValue() or (children().count() > id.count())},,,,
Immunization.location,,,,,,,,,,,,,,,,,Reference {http://hl7.org/fhir/StructureDefinition/Location},Reference {[]} {[CanonicalType[http://hl7.org/fhir/StructureDefinition/Location]]},Where vaccination occurred,Where immunization occurred,,,,,,,,,,,,,,,,,,,,,,,,ele-1:All FHIR elements must have a @value or children {hasValue() or (children().count() > id.count())},"RXA-27  (or RXA-11, deprecated as of v2.7)",Event.location,,
Immunization.lotNumber,,,,,,,,,,,,,,,,,string,string {[]} {[]},,,,,,,,,,,,,,,,,,,,,,,,,,ele-1:All FHIR elements must have a @value or children {hasValue() or (children().count() > id.count())},,,,
Immunization.manufacturer,,,,,,,,,,,,,,,,,Reference {http://hl7.org/fhir/StructureDefinition/Organization},Reference {[]} {[CanonicalType[http://hl7.org/fhir/StructureDefinition/Organization]]},,,,,,,,,,,,,,,,,,,,,,,,,,ele-1:All FHIR elements must have a @value or children {hasValue() or (children().count() > id.count())},,,,
Immunization.meta,,,,,,,,,,,,,,,,,Meta,Meta {[]} {[]},,,The metadata about the resource. This is content that is maintained by the infrastructure. Changes to the content may not always be associated with version changes to the resource.,The metadata about the resource. This is content that is maintained by the infrastructure. Changes to the content might not always be associated with version changes to the resource.,,,,,,,,,,,,,Immunization.meta,Resource.meta,,,,,,,,ele-1:All FHIR elements must have a @value or children {hasValue() or (children().count() > id.count())},,,,
Immunization.modifierExtension,,,,,,,,,,,,,,,,,Extension,Extension {[]} {[]},,,"May be used to represent additional information that is not part of the basic definition of the resource, and that modifies the understanding of the element that contains it. Usually modifier elements provide negation or qualification. In order to make the use of extensions safe and manageable, there is a strict set of governance applied to the definition and use of extensions. Though any implementer is allowed to define an extension, there is a set of requirements that SHALL be met as part of the definition of the extension. Applications processing a resource are required to check for modifier extensions.","May be used to represent additional information that is not part of the basic definition of the resource and that modifies the understanding of the element that contains it and/or the understanding of the containing element's descendants. Usually modifier elements provide negation or qualification. To make the use of extensions safe and manageable, there is a strict set of governance applied to the definition and use of extensions. Though any implementer is allowed to define an extension, there is a set of requirements that SHALL be met as part of the definition of the extension. Applications processing a resource are required to check for modifier extensions.

Modifier extensions SHALL NOT change the meaning of any elements on Resource or DomainResource (including cannot change the meaning of modifierExtension itself).",,,,"Modifier extensions allow for extensions that *cannot* be safely ignored to be clearly distinguished from the vast majority of extensions which can be safely ignored.  This promotes interoperability by eliminating the need for implementers to prohibit the presence of extensions. For further information, see the [definition of modifier extensions](http://hl7.org/fhir/R4/extensibility.html#modifierExtension).",,,,,,,,,Immunization.modifierExtension,DomainResource.modifierExtension,,,,,,,,"ele-1:All FHIR elements must have a @value or children {hasValue() or (children().count() > id.count())}
ext-1:Must have either extensions or value[x], not both {extension.exists() != value.exists()}",,,,
Immunization.note,,,,,,,,,,,,,,,,,Annotation,Annotation {[]} {[]},Vaccination notes,Additional immunization notes,,,,,,,,,,,,,,,,,,,,,,,,ele-1:All FHIR elements must have a @value or children {hasValue() or (children().count() > id.count())},note,Event.note,,
Immunization.occurrence[x],,Immunization.occurrence[x],,,,,,1.0,,1,,Y,,,,Y,,"dateTime {[]} {[]}
string {[]} {[]}",,Vaccine administration date,,Date vaccine administered or was to be administered.,,"When immunizations are given a specific date and time should always be known.   When immunizations are patient reported, a specific date might not be known.  Although partial dates are allowed, an adult patient might not be able to recall the year a childhood immunization was given. An exact date is always preferable, but the use of the String data type is acceptable when an exact date is not known. A small number of vaccines (e.g. live oral typhoid vaccine) are given as a series of patient self-administered dose over a span of time. In cases like this, often, only the first dose (typically a provider supervised dose) is recorded with the occurrence indicating the date/time of the first dose.",,,,,,,,,,,,Immunization.occurrence[x],,1.0,,1,,,,ele-1:All FHIR elements must have a @value or children {hasValue() or (children().count() > id.count())},,Event.occurrence[x],right_only,
Immunization.patient,,,,,,,,,,,,,,,,Y,Reference {http://fhir.org/guides/argonaut/StructureDefinition/argo-patient},Reference {[]} {[CanonicalType[http://hl7.org/fhir/us/core/StructureDefinition/us-core-patient]]},,,,,,,,,,,,,,,,,,,,,,,,,,ele-1:All FHIR elements must have a @value or children {hasValue() or (children().count() > id.count())},PID-3,Event.subject,,
Immunization.performer,,,,,,,,,1,*,,,,,,Y,Reference {http://hl7.org/fhir/StructureDefinition/Practitioner},BackboneElement {[]} {[]},Who administered vaccine,Who performed event,Clinician who administered the vaccine.,Indicates who performed the immunization event.,,,,,,,,,,,,,,,,,1,*,,,,ele-1:All FHIR elements must have a @value or children {hasValue() or (children().count() > id.count())},RXA-10,Event.performer,,
Immunization.performer.actor,,Immunization.performer.actor,,,,,,1.0,,1,,,,,,Y,,"Reference {[]} {[CanonicalType[http://hl7.org/fhir/StructureDefinition/Practitioner], CanonicalType[http://hl7.org/fhir/StructureDefinition/PractitionerRole], CanonicalType[http://hl7.org/fhir/StructureDefinition/Organization]]}",,Individual or organization who was performing,,The practitioner or organization who performed the action.,,"When the individual practitioner who performed the action is known, it is best to send.",,,,,,,,,,,,Immunization.performer.actor,,1.0,,1,,,,ele-1:All FHIR elements must have a @value or children {hasValue() or (children().count() > id.count())},,Event.performer.actor,right_only,
Immunization.performer.extension,,Immunization.performer.extension,,,,"extensions
user content",,0.0,,*,,,,,,,,Extension {[]} {[]},,Additional content defined by implementations,,"May be used to represent additional information that is not part of the basic definition of the element. To make the use of extensions safe and manageable, there is a strict set of governance  applied to the definition and use of extensions. Though any implementer can define an extension, there is a set of requirements that SHALL be met as part of the definition of the extension.",,"There can be no stigma associated with the use of extensions by any application, project, or standard - regardless of the institution or jurisdiction that uses or defines the extensions.  The use of extensions is what allows the FHIR specification to retain a core level of simplicity for everyone.",,,,,,,,,,,,Element.extension,,0.0,,*,,,,"ele-1:All FHIR elements must have a @value or children {hasValue() or (children().count() > id.count())}
ext-1:Must have either extensions or value[x], not both {extension.exists() != value.exists()}",,,right_only,
Immunization.performer.function,,Immunization.performer.function,,,,,,0.0,,1,,,,,,Y,,CodeableConcept {[]} {[]},,What type of performance was done,,"Describes the type of performance (e.g. ordering provider, administering provider, etc.).",,,,,,,,extensible,,The role a practitioner or organization plays in the immunization event.,,http://hl7.org/fhir/ValueSet/immunization-function,,Immunization.performer.function,,0.0,,1,,,,ele-1:All FHIR elements must have a @value or children {hasValue() or (children().count() > id.count())},,Event.performer.function,right_only,
Immunization.performer.id,,Immunization.performer.id,,,,,,0.0,,1,,,,,,,,string {[]} {[]},,Unique id for inter-element referencing,,Unique id for the element within a resource (for internal references). This may be any string value that does not contain spaces.,,,,,,,,,,,,,,Element.id,,0.0,,1,,,,,,,right_only,
Immunization.performer.modifierExtension,,Immunization.performer.modifierExtension,,,,"extensions
user contentmodifiers",,0.0,,*,,,,Y,,Y,,Extension {[]} {[]},,Extensions that cannot be ignored even if unrecognized,,"May be used to represent additional information that is not part of the basic definition of the element and that modifies the understanding of the element in which it is contained and/or the understanding of the containing element's descendants. Usually modifier elements provide negation or qualification. To make the use of extensions safe and manageable, there is a strict set of governance applied to the definition and use of extensions. Though any implementer can define an extension, there is a set of requirements that SHALL be met as part of the definition of the extension. Applications processing a resource are required to check for modifier extensions.

Modifier extensions SHALL NOT change the meaning of any elements on Resource or DomainResource (including cannot change the meaning of modifierExtension itself).",,"There can be no stigma associated with the use of extensions by any application, project, or standard - regardless of the institution or jurisdiction that uses or defines the extensions.  The use of extensions is what allows the FHIR specification to retain a core level of simplicity for everyone.",,"Modifier extensions allow for extensions that *cannot* be safely ignored to be clearly distinguished from the vast majority of extensions which can be safely ignored.  This promotes interoperability by eliminating the need for implementers to prohibit the presence of extensions. For further information, see the [definition of modifier extensions](http://hl7.org/fhir/R4/extensibility.html#modifierExtension).",,,,,,,,,,BackboneElement.modifierExtension,,0.0,,*,,,,"ele-1:All FHIR elements must have a @value or children {hasValue() or (children().count() > id.count())}
ext-1:Must have either extensions or value[x], not both {extension.exists() != value.exists()}",,,right_only,
Immunization.primarySource,,Immunization.primarySource,,,,,,1.0,,1,,Y,,,,Y,,boolean {[]} {[]},,Indicates context the data was recorded in,,An indication that the content of the record is based on information from the person who administered the vaccine. This reflects the context under which the data was originally recorded.,,Reflects the “reliability” of the content.,,,,,,,,,,,,Immunization.primarySource,,0.0,,1,,,,ele-1:All FHIR elements must have a @value or children {hasValue() or (children().count() > id.count())},,RXA-9,right_only,
Immunization.programEligibility,,Immunization.programEligibility,,,,,,0.0,,*,,,,,,,,CodeableConcept {[]} {[]},,Patient eligibility for a vaccination program,,Indicates a patient's eligibility for a funding program.,,,,,,,,example,,The patient's eligibility for a vaccation program.,,http://hl7.org/fhir/ValueSet/immunization-program-eligibility,,Immunization.programEligibility,,0.0,,*,,,,ele-1:All FHIR elements must have a @value or children {hasValue() or (children().count() > id.count())},,OBX-5 : OBX-3 = 64994-7,right_only,
Immunization.protocolApplied,,Immunization.protocolApplied,,,,,,0.0,,*,,,,,,,,BackboneElement {[]} {[]},,Protocol followed by the provider,,The protocol (set of recommendations) being followed by the provider who administered the dose.,,,,,,,,,,,,,,Immunization.protocolApplied,,0.0,,*,,,,ele-1:All FHIR elements must have a @value or children {hasValue() or (children().count() > id.count())},,,right_only,
Immunization.protocolApplied.authority,,Immunization.protocolApplied.authority,,,,,,0.0,,1,,,,,,,,Reference {[]} {[CanonicalType[http://hl7.org/fhir/StructureDefinition/Organization]]},,Who is responsible for publishing the recommendations,,Indicates the authority who published the protocol (e.g. ACIP) that is being followed.,,,,,,,,,,,,,,Immunization.protocolApplied.authority,,0.0,,1,,,,ele-1:All FHIR elements must have a @value or children {hasValue() or (children().count() > id.count())},,,right_only,
Immunization.protocolApplied.doseNumber[x],,Immunization.protocolApplied.doseNumber[x],,,,,,1.0,,1,,,,,,,,"positiveInt {[]} {[]}
string {[]} {[]}",,Dose number within series,,Nominal position in a series.,,The use of an integer is preferred if known. A string should only be used in cases where an integer is not available (such as when documenting a recurring booster dose).,,,,,,,,,,,,Immunization.protocolApplied.doseNumber[x],,1.0,,1,,,,ele-1:All FHIR elements must have a @value or children {hasValue() or (children().count() > id.count())},,,right_only,
Immunization.protocolApplied.extension,,Immunization.protocolApplied.extension,,,,"extensions
user content",,0.0,,*,,,,,,,,Extension {[]} {[]},,Additional content defined by implementations,,"May be used to represent additional information that is not part of the basic definition of the element. To make the use of extensions safe and manageable, there is a strict set of governance  applied to the definition and use of extensions. Though any implementer can define an extension, there is a set of requirements that SHALL be met as part of the definition of the extension.",,"There can be no stigma associated with the use of extensions by any application, project, or standard - regardless of the institution or jurisdiction that uses or defines the extensions.  The use of extensions is what allows the FHIR specification to retain a core level of simplicity for everyone.",,,,,,,,,,,,Element.extension,,0.0,,*,,,,"ele-1:All FHIR elements must have a @value or children {hasValue() or (children().count() > id.count())}
ext-1:Must have either extensions or value[x], not both {extension.exists() != value.exists()}",,,right_only,
Immunization.protocolApplied.id,,Immunization.protocolApplied.id,,,,,,0.0,,1,,,,,,,,string {[]} {[]},,Unique id for inter-element referencing,,Unique id for the element within a resource (for internal references). This may be any string value that does not contain spaces.,,,,,,,,,,,,,,Element.id,,0.0,,1,,,,,,,right_only,
Immunization.protocolApplied.modifierExtension,,Immunization.protocolApplied.modifierExtension,,,,"extensions
user contentmodifiers",,0.0,,*,,,,Y,,Y,,Extension {[]} {[]},,Extensions that cannot be ignored even if unrecognized,,"May be used to represent additional information that is not part of the basic definition of the element and that modifies the understanding of the element in which it is contained and/or the understanding of the containing element's descendants. Usually modifier elements provide negation or qualification. To make the use of extensions safe and manageable, there is a strict set of governance applied to the definition and use of extensions. Though any implementer can define an extension, there is a set of requirements that SHALL be met as part of the definition of the extension. Applications processing a resource are required to check for modifier extensions.

Modifier extensions SHALL NOT change the meaning of any elements on Resource or DomainResource (including cannot change the meaning of modifierExtension itself).",,"There can be no stigma associated with the use of extensions by any application, project, or standard - regardless of the institution or jurisdiction that uses or defines the extensions.  The use of extensions is what allows the FHIR specification to retain a core level of simplicity for everyone.",,"Modifier extensions allow for extensions that *cannot* be safely ignored to be clearly distinguished from the vast majority of extensions which can be safely ignored.  This promotes interoperability by eliminating the need for implementers to prohibit the presence of extensions. For further information, see the [definition of modifier extensions](http://hl7.org/fhir/R4/extensibility.html#modifierExtension).",,,,,,,,,,BackboneElement.modifierExtension,,0.0,,*,,,,"ele-1:All FHIR elements must have a @value or children {hasValue() or (children().count() > id.count())}
ext-1:Must have either extensions or value[x], not both {extension.exists() != value.exists()}",,,right_only,
Immunization.protocolApplied.series,,Immunization.protocolApplied.series,,,,,,0.0,,1,,,,,,,,string {[]} {[]},,Name of vaccine series,,One possible path to achieve presumed immunity against a disease - within the context of an authority.,,,,,,,,,,,,,,Immunization.protocolApplied.series,,0.0,,1,,,,ele-1:All FHIR elements must have a @value or children {hasValue() or (children().count() > id.count())},,,right_only,
Immunization.protocolApplied.seriesDoses[x],,Immunization.protocolApplied.seriesDoses[x],,,,,,0.0,,1,,,,,,,,"positiveInt {[]} {[]}
string {[]} {[]}",,Recommended number of doses for immunity,,The recommended number of doses to achieve immunity.,,The use of an integer is preferred if known. A string should only be used in cases where an integer is not available (such as when documenting a recurring booster dose).,,,,,,,,,,,,Immunization.protocolApplied.seriesDoses[x],,0.0,,1,,,,ele-1:All FHIR elements must have a @value or children {hasValue() or (children().count() > id.count())},,,right_only,
Immunization.protocolApplied.targetDisease,,Immunization.protocolApplied.targetDisease,,,,,,0.0,,*,,,,,,,,CodeableConcept {[]} {[]},,Vaccine preventatable disease being targetted,,The vaccine preventable disease the dose is being administered against.,,,,,,,,example,,The vaccine preventable disease the dose is being administered for.,,http://hl7.org/fhir/ValueSet/immunization-target-disease,,Immunization.protocolApplied.targetDisease,,0.0,,*,,,,ele-1:All FHIR elements must have a @value or children {hasValue() or (children().count() > id.count())},,,right_only,
Immunization.reaction,,,,,,,,,,,,,,,,,BackboneElement,BackboneElement {[]} {[]},,,,,"A reaction may be an indication of an allergy or intolerance and, if this is determined to be the case,  it should be recorded as a new [[[AllergyIntolerance]]] resource instance as most systems will not query against  past Immunization.reaction elements.","A reaction may be an indication of an allergy or intolerance and, if this is determined to be the case, it should be recorded as a new AllergyIntolerance resource instance as most systems will not query against past Immunization.reaction elements.",,,,,,,,,,,,,,,,,,,,ele-1:All FHIR elements must have a @value or children {hasValue() or (children().count() > id.count())},,,,
Immunization.reaction.date,,,,,,,,,,,,,,,,,dateTime,dateTime {[]} {[]},,,,,,,,,,,,,,,,,,,,,,,,,,ele-1:All FHIR elements must have a @value or children {hasValue() or (children().count() > id.count())},,,,
Immunization.reaction.detail,,,,,,,,,,,,,,,,,Reference {http://hl7.org/fhir/StructureDefinition/Observation},Reference {[]} {[CanonicalType[http://hl7.org/fhir/StructureDefinition/Observation]]},,,,,,,,,,,,,,,,,,,,,,,,,,ele-1:All FHIR elements must have a @value or children {hasValue() or (children().count() > id.count())},,,,
Immunization.reaction.extension,,,,,,,,,,,,,,,,,Extension,Extension {[]} {[]},Additional Content defined by implementations,Additional content defined by implementations,"May be used to represent additional information that is not part of the basic definition of the element. In order to make the use of extensions safe and manageable, there is a strict set of governance  applied to the definition and use of extensions. Though any implementer is allowed to define an extension, there is a set of requirements that SHALL be met as part of the definition of the extension.","May be used to represent additional information that is not part of the basic definition of the element. To make the use of extensions safe and manageable, there is a strict set of governance  applied to the definition and use of extensions. Though any implementer can define an extension, there is a set of requirements that SHALL be met as part of the definition of the extension.",,,,,,,,,,,,,Immunization.reaction.extension,Element.extension,,,,,,,,"ele-1:All FHIR elements must have a @value or children {hasValue() or (children().count() > id.count())}
ext-1:Must have either extensions or value[x], not both {extension.exists() != value.exists()}",,,,
Immunization.reaction.id,,,,,,,,,,,,,,,,,id,string {[]} {[]},xml:id (or equivalent in JSON),Unique id for inter-element referencing,unique id for the element within a resource (for internal references).,Unique id for the element within a resource (for internal references). This may be any string value that does not contain spaces.,,,,,,,,,,,,,Immunization.reaction.id,Element.id,,,,,,,,,,,,
Immunization.reaction.modifierExtension,,,,,,,,,,,,,,,,Y,Extension,Extension {[]} {[]},Extensions that cannot be ignored,Extensions that cannot be ignored even if unrecognized,"May be used to represent additional information that is not part of the basic definition of the element, and that modifies the understanding of the element that contains it. Usually modifier elements provide negation or qualification. In order to make the use of extensions safe and manageable, there is a strict set of governance applied to the definition and use of extensions. Though any implementer is allowed to define an extension, there is a set of requirements that SHALL be met as part of the definition of the extension. Applications processing a resource are required to check for modifier extensions.","May be used to represent additional information that is not part of the basic definition of the element and that modifies the understanding of the element in which it is contained and/or the understanding of the containing element's descendants. Usually modifier elements provide negation or qualification. To make the use of extensions safe and manageable, there is a strict set of governance applied to the definition and use of extensions. Though any implementer can define an extension, there is a set of requirements that SHALL be met as part of the definition of the extension. Applications processing a resource are required to check for modifier extensions.

Modifier extensions SHALL NOT change the meaning of any elements on Resource or DomainResource (including cannot change the meaning of modifierExtension itself).",,,,"Modifier extensions allow for extensions that *cannot* be safely ignored to be clearly distinguished from the vast majority of extensions which can be safely ignored.  This promotes interoperability by eliminating the need for implementers to prohibit the presence of extensions. For further information, see the [definition of modifier extensions](http://hl7.org/fhir/R4/extensibility.html#modifierExtension).",,,,,,,,,Immunization.reaction.modifierExtension,BackboneElement.modifierExtension,,,,,,,,"ele-1:All FHIR elements must have a @value or children {hasValue() or (children().count() > id.count())}
ext-1:Must have either extensions or value[x], not both {extension.exists() != value.exists()}",,,,
Immunization.reaction.reported,,,,,,,,,,,,,,,,,boolean,boolean {[]} {[]},,,,,,,,,,,,,,,,,,,,,,,,,,ele-1:All FHIR elements must have a @value or children {hasValue() or (children().count() > id.count())},(no such concept seems to exist for allergy/adverse reaction in HL7 v2),(HL7 v2 doesn't seem to provide for this),,
Immunization.reasonCode,,Immunization.reasonCode,,,,,,0.0,,*,,,,,,,,CodeableConcept {[]} {[]},,Why immunization occurred,,Reasons why the vaccine was administered.,,,,,,,,example,,The reason why a vaccine was administered.,,http://hl7.org/fhir/ValueSet/immunization-reason,,Immunization.reasonCode,,0.0,,*,,,,ele-1:All FHIR elements must have a @value or children {hasValue() or (children().count() > id.count())},,Event.reasonCode,right_only,
Immunization.reasonReference,,Immunization.reasonReference,,,,,,0.0,,*,,,,,,,,"Reference {[]} {[CanonicalType[http://hl7.org/fhir/StructureDefinition/Condition], CanonicalType[http://hl7.org/fhir/StructureDefinition/Observation], CanonicalType[http://hl7.org/fhir/StructureDefinition/DiagnosticReport]]}",,Why immunization occurred,,"Condition, Observation or DiagnosticReport that supports why the immunization was administered.",,,,,,,,,,,,,,Immunization.reasonReference,,0.0,,*,,,,ele-1:All FHIR elements must have a @value or children {hasValue() or (children().count() > id.count())},,Event.reasonReference,right_only,
Immunization.recorded,,Immunization.recorded,,,,,,0.0,,1,,,,,,,,dateTime {[]} {[]},,When the immunization was first captured in the subject's record,,The date the occurrence of the immunization was first captured in the record - potentially significantly after the occurrence of the event.,,,,,,,,,,,,,,Immunization.recorded,,0.0,,1,,,,ele-1:All FHIR elements must have a @value or children {hasValue() or (children().count() > id.count())},,.participation[typeCode=AUT].time,right_only,
Immunization.reportOrigin,,Immunization.reportOrigin,,,,,,0.0,,1,,,,,,,,CodeableConcept {[]} {[]},,Indicates the source of a secondarily reported record,,The source of the data when the report of the immunization event is not based on information from the person who administered the vaccine.,,"Should not be populated if primarySource = True, not required even if primarySource = False.",,,,,,example,,The source of the data for a record which is not from a primary source.,,http://hl7.org/fhir/ValueSet/immunization-origin,,Immunization.reportOrigin,,0.0,,1,,,,ele-1:All FHIR elements must have a @value or children {hasValue() or (children().count() > id.count())},,RXA-9,right_only,
Immunization.reported,Immunization.reported,,,,,,1.0,,1,,Y,,,,,,boolean,,Indicates a self-reported record,,True if this administration was reported rather than directly administered.,,"May need source of reported info (e.g. parent), but leave out for now.",,,,,,,,,,,,Immunization.reported,,1.0,,1,,,,,,RXA-9,,,left_only
Immunization.requester,Immunization.requester,,,,,,0.0,,1,,,,,,,,Reference {http://hl7.org/fhir/StructureDefinition/Practitioner},,Who ordered vaccination,,Clinician who ordered the vaccination.,,Other participants - delegate to Provenance resource.,,,,,,,,,,,,Immunization.requester,,0.0,,1,,,,,,ORC-12,,,left_only
Immunization.route,,,,,,,,,,,,,,,,,CodeableConcept,CodeableConcept {[]} {[]},,,,,,,,,,,,,The route by which the vaccine was administered,The route by which the vaccine was administered.,,,,,,,,,,,,ele-1:All FHIR elements must have a @value or children {hasValue() or (children().count() > id.count())},,,,
Immunization.site,,,,,,,,,,,,,,,,,CodeableConcept,CodeableConcept {[]} {[]},,,,,,,,,,,,,The site at which the vaccine was administered,The site at which the vaccine was administered.,,,,,,,,,,,,ele-1:All FHIR elements must have a @value or children {hasValue() or (children().count() > id.count())},,,,
Immunization.status,,,,,,,,,,,,,,,,Y,code,code {[]} {[]},in-progress | on-hold | completed | entered-in-error | stopped,completed | entered-in-error | not-done,Indicates the current status of the vaccination event.,Indicates the current status of the immunization event.,Will generally be set to show that the immunization has been completed.,Will generally be set to show that the immunization has been completed or not done.  This element is labeled as a modifier because the status contains codes that mark the resource as not currently valid.,,,,,,,Constrained list of immunizaiotn status,,http://fhir.org/guides/argonaut/ValueSet/vacc-status,http://hl7.org/fhir/ValueSet/immunization-status,,,,,,,,,,ele-1:All FHIR elements must have a @value or children {hasValue() or (children().count() > id.count())},statusCode,Event.status,,
Immunization.statusReason,,Immunization.statusReason,,,,,,0.0,,1,,Y,,,,,,CodeableConcept {[]} {[]},,Reason not done,,Indicates the reason the immunization event was not performed.,,"This is generally only used for the status of ""not-done"". The reason for performing the immunization event is captured in reasonCode, not here.",,,,,,example,,,,http://hl7.org/fhir/ValueSet/immunization-status-reason,,Immunization.statusReason,,0.0,,1,,,,ele-1:All FHIR elements must have a @value or children {hasValue() or (children().count() > id.count())},,Event.statusReason,right_only,
Immunization.subpotentReason,,Immunization.subpotentReason,,,,,,0.0,,*,,,,,,,,CodeableConcept {[]} {[]},,Reason for being subpotent,,Reason why a dose is considered to be subpotent.,,,,,,,,example,,The reason why a dose is considered to be subpotent.,,http://hl7.org/fhir/ValueSet/immunization-subpotent-reason,,Immunization.subpotentReason,,0.0,,*,,,,ele-1:All FHIR elements must have a @value or children {hasValue() or (children().count() > id.count())},,,right_only,
Immunization.text,,,,,,,,,,,,,,,,,Narrative,Narrative {[]} {[]},,,"A human-readable narrative that contains a summary of the resource, and may be used to represent the content of the resource to a human. The narrative need not encode all the structured data, but is required to contain sufficient detail to make it ""clinically safe"" for a human to just read the narrative. Resource definitions may define what content should be represented in the narrative to ensure clinical safety.","A human-readable narrative that contains a summary of the resource and can be used to represent the content of the resource to a human. The narrative need not encode all the structured data, but is required to contain sufficient detail to make it ""clinically safe"" for a human to just read the narrative. Resource definitions may define what content should be represented in the narrative to ensure clinical safety.",Contained resources do not have narrative. Resources that are not contained SHOULD have a narrative.,"Contained resources do not have narrative. Resources that are not contained SHOULD have a narrative. In some cases, a resource may only have text with little or no additional discrete data (as long as all minOccurs=1 elements are satisfied).  This may be necessary for data from legacy systems where information is captured as a ""text blob"" or where text is additionally entered raw or narrated and encoded information is added later.",,,,,,,,,,,Immunization.text,DomainResource.text,,,,,dom-1,,,ele-1:All FHIR elements must have a @value or children {hasValue() or (children().count() > id.count())},,,,
Immunization.vaccinationProtocol,Immunization.vaccinationProtocol,,,,,,0.0,,*,,,,,,,,BackboneElement,,What protocol was followed,,Contains information about the protocol(s) under which the vaccine was administered.,,,,,,,,,,,,,,Immunization.vaccinationProtocol,,0.0,,*,,,,,,(HL7 v2 doesn't seem to provide for this),,,left_only
Immunization.vaccinationProtocol.authority,Immunization.vaccinationProtocol.authority,,,,,,0.0,,1,,,,,,,,Reference {http://hl7.org/fhir/StructureDefinition/Organization},,Who is responsible for protocol,,Indicates the authority who published the protocol.  E.g. ACIP.,,,,,,,,,,,,,,Immunization.vaccinationProtocol.authority,,0.0,,1,,,,,,outboundRelationship[typeCode=INST].target[classCode=SBADM].inboundRelationship[typeCode=COMP].source[classCode=SBADM].participation[typeCode=AUT].COCT_MT090200UV,,,left_only
Immunization.vaccinationProtocol.description,Immunization.vaccinationProtocol.description,,,,,,0.0,,1,,,,,,,,string,,Details of vaccine protocol,,Contains the description about the protocol under which the vaccine was administered.,,,,,,,,,,,,,,Immunization.vaccinationProtocol.description,,0.0,,1,,,,,,outboundRelationship[typeCode=INST].target[classCode=SBADM].inboundRelationship[typeCode=COMP].source[classCode=SBADM].text,,,left_only
Immunization.vaccinationProtocol.doseSequence,Immunization.vaccinationProtocol.doseSequence,,,,,,1.0,,1,,,,,,,,positiveInt,,Dose number within series,,Nominal position in a series.,,,,,,,,,,,,,,Immunization.vaccinationProtocol.doseSequence,,1.0,,1,,,,,,outboundRelationship[typeCode=INST].target[classCode=SBADM].inboundRelationship[typeCode=COMP].sequenceNumber,,,left_only
Immunization.vaccinationProtocol.doseStatus,Immunization.vaccinationProtocol.doseStatus,,,,,,1.0,,1,,,,,,,,CodeableConcept,,Indicates if dose counts towards immunity,,"Indicates if the immunization event should ""count"" against  the protocol.",,May need to differentiate between status declarations by a provider vs. a CDS engine.,,,,,,example,,The status of the vaccination protocol (i.e. should this count),,http://hl7.org/fhir/ValueSet/vaccination-protocol-dose-status,,Immunization.vaccinationProtocol.doseStatus,,1.0,,1,,,,,,.participation[typeCode=CSM].role[classCode=INST].scopedRole.scoper[classCode=MMAT].playedRole[classCode=INGR].scopedRole.scoper[classCode=MMAT].playedRole[classCode=HLTHCHRT].participation[typeCode=SBJ].observation[classCode=OBS].value,,,left_only
Immunization.vaccinationProtocol.doseStatusReason,Immunization.vaccinationProtocol.doseStatusReason,,,,,,0.0,,1,,,,,,,,CodeableConcept,,Why dose does (not) count,,Provides an explanation as to why an immunization event should or should not count against the protocol.,,,,,,,,example,,The reason for the determining if a vaccination should count or why vaccination should not count.,,http://hl7.org/fhir/ValueSet/vaccination-protocol-dose-status-reason,,Immunization.vaccinationProtocol.doseStatusReason,,0.0,,1,,,,,,.participation[typeCode=CSM].role[classCode=INST].scopedRole.scoper[classCode=MMAT].playedRole[classCode=INGR].scopedRole.scoper[classCode=MMAT].playedRole[classCode=HLTHCHRT].participation[typeCode=SBJ].observation[classCode=OBS].reasonCode,,,left_only
Immunization.vaccinationProtocol.extension,Immunization.vaccinationProtocol.extension,,,,"extensions
user content",,0.0,,*,,,,,,,,Extension,,Additional Content defined by implementations,,"May be used to represent additional information that is not part of the basic definition of the element. In order to make the use of extensions safe and manageable, there is a strict set of governance  applied to the definition and use of extensions. Though any implementer is allowed to define an extension, there is a set of requirements that SHALL be met as part of the definition of the extension.",,"There can be no stigma associated with the use of extensions by any application, project, or standard - regardless of the institution or jurisdiction that uses or defines the extensions.  The use of extensions is what allows the FHIR specification to retain a core level of simplicity for everyone.",,,,,,,,,,,,Immunization.vaccinationProtocol.extension,,0.0,,*,,,,,,,,,left_only
Immunization.vaccinationProtocol.id,Immunization.vaccinationProtocol.id,,,,,,0.0,,1,,,,,,,,id,,xml:id (or equivalent in JSON),,unique id for the element within a resource (for internal references).,,,,,,,,,,,,,,Immunization.vaccinationProtocol.id,,0.0,,1,,,,,,,,,left_only
Immunization.vaccinationProtocol.modifierExtension,Immunization.vaccinationProtocol.modifierExtension,,,,"extensions
user contentmodifiers",,0.0,,*,,,,Y,,,,Extension,,Extensions that cannot be ignored,,"May be used to represent additional information that is not part of the basic definition of the element, and that modifies the understanding of the element that contains it. Usually modifier elements provide negation or qualification. In order to make the use of extensions safe and manageable, there is a strict set of governance applied to the definition and use of extensions. Though any implementer is allowed to define an extension, there is a set of requirements that SHALL be met as part of the definition of the extension. Applications processing a resource are required to check for modifier extensions.",,"There can be no stigma associated with the use of extensions by any application, project, or standard - regardless of the institution or jurisdiction that uses or defines the extensions.  The use of extensions is what allows the FHIR specification to retain a core level of simplicity for everyone.",,,,,,,,,,,,Immunization.vaccinationProtocol.modifierExtension,,0.0,,*,,,,,,,,,left_only
Immunization.vaccinationProtocol.series,Immunization.vaccinationProtocol.series,,,,,,0.0,,1,,,,,,,,string,,Name of vaccine series,,One possible path to achieve presumed immunity against a disease - within the context of an authority.,,,,,,,,,,,,,,Immunization.vaccinationProtocol.series,,0.0,,1,,,,,,outboundRelationship[typeCode=INST].target[classCode=SBADM],,,left_only
Immunization.vaccinationProtocol.seriesDoses,Immunization.vaccinationProtocol.seriesDoses,,,,,,0.0,,1,,,,,,,,positiveInt,,Recommended number of doses for immunity,,The recommended number of doses to achieve immunity.,,,,,,,,,,,,,,Immunization.vaccinationProtocol.seriesDoses,,0.0,,1,,,,,,outboundRelationship[typeCode=INST].target[classCode=SBADM].inboundRelationship[typeCode=COMP].source[classCode=SBADM].text,,,left_only
Immunization.vaccinationProtocol.targetDisease,Immunization.vaccinationProtocol.targetDisease,,,,,,1.0,,*,,,,,,,,CodeableConcept,,Disease immunized against,,The targeted disease.,,,,,,,,example,,The disease target of the vaccination protocol,,http://hl7.org/fhir/ValueSet/vaccination-protocol-dose-target,,Immunization.vaccinationProtocol.targetDisease,,1.0,,*,,,,,,outboundRelationship.target[classCode=OBS].code,,,left_only
Immunization.vaccineCode,,,,,,,,,,,,,,,,Y,CodeableConcept,CodeableConcept {[]} {[]},,,,,,,,,,,,,The CVX (vaccine administered) code system,,http://hl7.org/fhir/ValueSet/daf-cvx,http://cts.nlm.nih.gov/fhir/ValueSet/2.16.840.1.113762.1.4.1010.6,,,,,,,,us-core-5,arg-1:SHOULD have a translation to the to the NDC value set {coding.where(system='http://hl7.org/fhir/sid/ndc').empty()},ele-1:All FHIR elements must have a @value or children {hasValue() or (children().count() > id.count())},RXA-5,Event.code,,
Immunization.wasNotGiven,Immunization.wasNotGiven,,,,,,1.0,,1,,Y,,Y,,,,boolean,,Flag for whether immunization was given,,Indicates if the vaccination was or was not given.,,,,,,,,,,,,,,Immunization.wasNotGiven,,1.0,,1,,,,,,[actionNegationInd=true].reasonCode,,,left_only
