,Path,Path,Slice Name,Slice Name,Alias(s),Alias(s),Min,Min,Max,Max,Must Support?,Must Support?,Is Modifier?,Is Modifier?,Is Summary?,Is Summary?,Type(s),Type(s),Short,Short,Definition,Definition,Comments,Comments,Requirements,Requirements,Example,Example,Binding Strength,Binding Strength,Binding Description,Binding Description,Binding Value Set,Binding Value Set,Slicing Discriminator,Slicing Discriminator,Slicing Description,Slicing Description,Slicing Rules,Slicing Rules,Base Path,Base Path,Base Min,Base Min,Base Max,Base Max,Condition(s),Condition(s),Constraint(s),Constraint(s),_merge,_merge
,self,other,self,other,self,other,self,other,self,other,self,other,self,other,self,other,self,other,self,other,self,other,self,other,self,other,self,other,self,other,self,other,self,other,self,other,self,other,self,other,self,other,self,other,self,other,self,other,self,other,self,other
Path_id,,,,,,,,,,,,,,,,,,,,,,,,,,,,,,,,,,,,,,,,,,,,,,,,,,,,
DocumentReference,,DocumentReference,,,,,,0.0,,*,,,,,,,,,,A reference to a document,,\-,,\-,,,,,,,,,,,,,,,,DocumentReference,,0,,*,,,,"dom-2:If the resource is contained in another resource, it SHALL NOT contain nested Resources {contained.contained.empty()}
dom-3:If the resource is contained in another resource, it SHALL be referred to from elsewhere in the resource or SHALL refer to the containing resource {contained.where((('#'+id in (%resource.descendants().reference | %resource.descendants().as(canonical) | %resource.descendants().as(uri) | %resource.descendants().as(url))) or descendants().where(reference = '#').exists() or descendants().where(as(canonical) = '#').exists() or descendants().where(as(canonical) = '#').exists()).not()).trace('unmatched', id).empty()}dom-4:If a resource is contained in another resource, it SHALL NOT have a meta.versionId or a meta.lastUpdated {contained.meta.versionId.empty() and contained.meta.lastUpdated.empty()}dom-5:If a resource is contained in another resource, it SHALL NOT have a security label {contained.meta.security.empty()}dom-6:A resource should have narrative for robust management {text.`div`.exists()}",,Event,right_only,
DocumentReference-argoprofile,DocumentReference,,argoprofile,,,,0.0,,*,,,,,,,,,,Argonaut DocumentReference Profile,,A reference to a document .,,"Usually, this is used for documents other than those defined by FHIR.",,,,,,,,,,,,,,,,DocumentReference,,0.0,,*,,,,,,"Document[classCode=""DOC"" and moodCode=""EVN""]",,,left_only
DocumentReference.authenticator,,,,,,,,,,,,,,,Y,,"Reference {http://hl7.org/fhir/StructureDefinition/Practitioner}
Reference {http://hl7.org/fhir/StructureDefinition/Organization}","Reference {[]} {[CanonicalType[http://hl7.org/fhir/StructureDefinition/Practitioner], CanonicalType[http://hl7.org/fhir/StructureDefinition/PractitionerRole], CanonicalType[http://hl7.org/fhir/StructureDefinition/Organization]]}",,,,,,,,,,,,,,,,,,,,,,,0.0,0,,,,,,ele-1:All FHIR elements must have a @value or children {hasValue() or (children().count() > id.count())},".participation[typeCode=""AUTHEN""].role[classCode=""ASSIGNED""]",Event.performer.actor,,
DocumentReference.author,,,,,,,,,,,,Y,,,,,"Reference {http://hl7.org/fhir/StructureDefinition/Practitioner}
Reference {http://hl7.org/fhir/StructureDefinition/Organization}Reference {http://hl7.org/fhir/StructureDefinition/Device}Reference {http://hl7.org/fhir/StructureDefinition/Patient}Reference {http://hl7.org/fhir/StructureDefinition/RelatedPerson}","Reference {[]} {[CanonicalType[http://hl7.org/fhir/us/core/StructureDefinition/us-core-practitioner], CanonicalType[http://hl7.org/fhir/us/core/StructureDefinition/us-core-organization], CanonicalType[http://hl7.org/fhir/us/core/StructureDefinition/us-core-patient], CanonicalType[http://hl7.org/fhir/us/core/StructureDefinition/us-core-practitionerrole], CanonicalType[http://hl7.org/fhir/us/core/StructureDefinition/us-core-relatedperson], CanonicalType[http://hl7.org/fhir/StructureDefinition/Device]]}",,,,,Not necessarily who did the actual data entry (i.e. typist) it in or who was the source (informant).,Not necessarily who did the actual data entry (i.e. typist) or who was the source (informant).,,,,,,,,,,,,,,,,,0.0,0,,,,,,ele-1:All FHIR elements must have a @value or children {hasValue() or (children().count() > id.count())},".participation[typeCode=""AUT""].role[classCode=""ASSIGNED""]",Event.performer.actor,,
DocumentReference.category,,DocumentReference.category,,,,claxs,,1.0,,*,,Y,,,,Y,,CodeableConcept {[]} {[]},,Categorization of document,,A categorization for the type of document referenced - helps for indexing and searching. This may be implied by or derived from the code specified in the DocumentReference.type.,,Key metadata element describing the the category or classification of the document. This is a broader perspective that groups similar documents based on how they would be used. This is a primary key used in searching.,,,,,,example,,High-level kind of a clinical document at a macro level.,,http://hl7.org/fhir/ValueSet/document-classcodes,,pattern:$this},,,,open,,DocumentReference.category,,0,,*,,,,ele-1:All FHIR elements must have a @value or children {hasValue() or (children().count() > id.count())},right_only,
DocumentReference.category-us-core,,DocumentReference.category,,us-core,,claxs,,0.0,,*,,Y,,,,Y,,CodeableConcept {[]} {[]},,Categorization of document,,A categorization for the type of document referenced - helps for indexing and searching. This may be implied by or derived from the code specified in the DocumentReference.type.,,Key metadata element describing the the category or classification of the document. This is a broader perspective that groups similar documents based on how they would be used. This is a primary key used in searching.,,,,,,required,,The US Core DocumentReferences Type Value Set is a &#39;starter set&#39; of categories supported for fetching and storing clinical notes.,,http://hl7.org/fhir/us/core/ValueSet/us-core-documentreference-category,,,,,,DocumentReference.category,,0,,*,,,,ele-1:All FHIR elements must have a @value or children {hasValue() or (children().count() > id.count())},,Composition.class,right_only,
DocumentReference.class,DocumentReference.class,,,,kind,,0.0,,1,,,,,,Y,,CodeableConcept,,Categorization of document,,A categorization for the type of document referenced - helps for indexing and searching. This may be implied by or derived from the code specified in the DocumentReference.type.,,This is a metadata field from [XDS/MHD](http://wiki.ihe.net/index.php?title=Mobile_access_to_Health_Documents_(MHD)).,,Helps humans to assess whether the document is of interest when viewing a list of documents.,,,,example,,High-level kind of a clinical document at a macro level.,,http://hl7.org/fhir/ValueSet/c80-doc-classcodes,,,,,,DocumentReference.class,,0.0,,1,,,,,,".outboundRelationship[typeCode=""COMP].target[classCode=""LIST"", moodCode=""EVN""].code",,,left_only
DocumentReference.contained,,,,,,,,,,,,,,,,,Resource,Resource {[]} {[]},,,,,"This should never be done when the content can be identified properly, as once identification is lost, it is extremely difficult (and context dependent) to restore it again.","This should never be done when the content can be identified properly, as once identification is lost, it is extremely difficult (and context dependent) to restore it again. Contained resources may have profiles and tags In their meta elements, but SHALL NOT have security labels.",,,,,,,,,,,,,,,DocumentReference.contained,DomainResource.contained,0.0,0,,,,,,,,,,
DocumentReference.content,,,,,,,,,1,*,,,,,,Y,BackboneElement,BackboneElement {[]} {[]},,,,,,,,,,,,,,,,,,,,,,,1.0,1,,,,,,ele-1:All FHIR elements must have a @value or children {hasValue() or (children().count() > id.count())},document.text,Bundle(Composition+*),,
DocumentReference.content.attachment,,,,,,,,,,,,,,,,Y,Attachment,Attachment {[]} {[]},,,The document or url of the document along with critical metadata to prove content has integrity.,The document or URL of the document along with critical metadata to prove content has integrity.,,,,,,,,,,,,,,,,,,,1.0,1,,,,,,"ele-1:All FHIR elements must have a @value or children {hasValue() or (children().count() > id.count())}
us-core-6:DocumentReference.content.attachment.url or DocumentReference.content.attachment.data or both SHALL be present. {url.exists() or data.exists()}",document.text,"Composition.language, 
Composition.title, 
Composition.date",,
DocumentReference.content.attachment.contentType,,,,,,,1.0,0.0,,,,,,,,Y,code,code {[]} {[]},,,,,,,,,,,,,,,http://www.rfc-editor.org/bcp/bcp13.txt,http://hl7.org/fhir/ValueSet/mimetypes|4.0.1,,,,,,,0.0,0,,,,,,ele-1:All FHIR elements must have a @value or children {hasValue() or (children().count() > id.count())},,,,
DocumentReference.content.attachment.creation,,,,,,,,,,,,,,,,,dateTime,dateTime {[]} {[]},,,,,,,,,,,,,,,,,,,,,,,0.0,0,,,,,,ele-1:All FHIR elements must have a @value or children {hasValue() or (children().count() > id.count())},,,,
DocumentReference.content.attachment.data,,,,,,,,,,,,Y,,,Y,,base64Binary,base64Binary {[]} {[]},,,"The actual data of the attachment - a sequence of bytes. In XML, represented using base64.","The actual data of the attachment - a sequence of bytes, base64 encoded.",,,,,,,,,,,,,,,,,,,0.0,0,,,,us-core-6,,ele-1:All FHIR elements must have a @value or children {hasValue() or (children().count() > id.count())},,,,
DocumentReference.content.attachment.extension,,,,,,,,,,,,,,,,,Extension,Extension {[]} {[]},Additional Content defined by implementations,Additional content defined by implementations,"May be used to represent additional information that is not part of the basic definition of the element. In order to make the use of extensions safe and manageable, there is a strict set of governance  applied to the definition and use of extensions. Though any implementer is allowed to define an extension, there is a set of requirements that SHALL be met as part of the definition of the extension.","May be used to represent additional information that is not part of the basic definition of the element. To make the use of extensions safe and manageable, there is a strict set of governance  applied to the definition and use of extensions. Though any implementer can define an extension, there is a set of requirements that SHALL be met as part of the definition of the extension.",,,,,,,,,,,,,,value:url},,Extensions are always sliced by (at least) url,Attachment.extension,open,0.0,Element.extension,*,0,,*,,,,"ele-1:All FHIR elements must have a @value or children {hasValue() or (children().count() > id.count())}
ext-1:Must have either extensions or value[x], not both {extension.exists() != value.exists()}",,
DocumentReference.content.attachment.hash,,,,,,,,,,,,,,,,,base64Binary,base64Binary {[]} {[]},,,,,,"The hash is calculated on the data prior to base64 encoding, if the data is based64 encoded. The hash is not intended to support digital signatures. Where protection against malicious threats a digital signature should be considered, see [Provenance.signature](http://hl7.org/fhir/R4/provenance-definitions.html#Provenance.signature) for mechanism to protect a resource with a digital signature.",Included so that applications can verify that the contents of a location have not changed and so that a signature of the content can implicitly sign the content of an image without having to include the data in the instance or reference the url in the signature.,"Included so that applications can verify that the contents of a location have not changed due to technical failures (e.g., storage rot, transport glitch, incorrect version).",,,,,,,,,,,,,,,0.0,0,,,,,,ele-1:All FHIR elements must have a @value or children {hasValue() or (children().count() > id.count())},,,,
DocumentReference.content.attachment.id,,,,,,,,,,,,,,,,,id,string {[]} {[]},xml:id (or equivalent in JSON),Unique id for inter-element referencing,unique id for the element within a resource (for internal references).,Unique id for the element within a resource (for internal references). This may be any string value that does not contain spaces.,,,,,,,,,,,,,,,,,Attachment.id,Element.id,0.0,0,,,,,,,,,,
DocumentReference.content.attachment.language,,,,,,,,,,,,,,,,,code,code {[]} {[]},,,,,,,,,,,required,preferred,,,http://tools.ietf.org/html/bcp47,http://hl7.org/fhir/ValueSet/languages,,,,,,,0.0,0,,,,,,ele-1:All FHIR elements must have a @value or children {hasValue() or (children().count() > id.count())},,,,
DocumentReference.content.attachment.size,,,,,,,,,,,,,,,,,unsignedInt,unsignedInt {[]} {[]},,,The number of bytes of data that make up this attachment.,"The number of bytes of data that make up this attachment (before base64 encoding, if that is done).",,,,,,,,,,,,,,,,,,,0.0,0,,,,,,ele-1:All FHIR elements must have a @value or children {hasValue() or (children().count() > id.count())},,,,
DocumentReference.content.attachment.title,,,,,,,,,,,,,,,,,string,string {[]} {[]},,,,,,,,,,,,,,,,,,,,,,,0.0,0,,,,,,ele-1:All FHIR elements must have a @value or children {hasValue() or (children().count() > id.count())},,,,
DocumentReference.content.attachment.url,,,,,,,1.0,0.0,,,,,,,,Y,uri,url {[]} {[]},https address,Uri where the data can be found,"The https address where the document can be retrieved.  For example, this address may refer to a FHIR Binary Resource (i.e. [base]/Binary/[id]) address on the server.",A location where the data can be accessed.,,,,,"<valueUri xmlns=""http://hl7.org/fhir"" value=""http://www.acme.com/logo-small.png""/>","<valueUrl xmlns=""http://hl7.org/fhir"" value=""http://www.acme.com/logo-small.png""/>",,,,,,,,,,,,,0.0,0,,,,us-core-6,,ele-1:All FHIR elements must have a @value or children {hasValue() or (children().count() > id.count())},,,,
DocumentReference.content.extension,,,,,,,,,,,,,,,,,Extension,Extension {[]} {[]},Additional Content defined by implementations,Additional content defined by implementations,"May be used to represent additional information that is not part of the basic definition of the element. In order to make the use of extensions safe and manageable, there is a strict set of governance  applied to the definition and use of extensions. Though any implementer is allowed to define an extension, there is a set of requirements that SHALL be met as part of the definition of the extension.","May be used to represent additional information that is not part of the basic definition of the element. To make the use of extensions safe and manageable, there is a strict set of governance  applied to the definition and use of extensions. Though any implementer can define an extension, there is a set of requirements that SHALL be met as part of the definition of the extension.",,,,,,,,,,,,,,,,,DocumentReference.content.extension,Element.extension,0.0,0,,,,,,"ele-1:All FHIR elements must have a @value or children {hasValue() or (children().count() > id.count())}
ext-1:Must have either extensions or value[x], not both {extension.exists() != value.exists()}",,,,
DocumentReference.content.format,,,,,,,1.0,0.0,,,,,,,,Y,Coding,Coding {[]} {[]},,,,,,,,,,,,,,,,,,,,,,,0.0,0,*,1,,,,ele-1:All FHIR elements must have a @value or children {hasValue() or (children().count() > id.count())},document.text,Composition.meta.profile,,
DocumentReference.content.id,,,,,,,,,,,,,,,,,id,string {[]} {[]},xml:id (or equivalent in JSON),Unique id for inter-element referencing,unique id for the element within a resource (for internal references).,Unique id for the element within a resource (for internal references). This may be any string value that does not contain spaces.,,,,,,,,,,,,,,,,,DocumentReference.content.id,Element.id,0.0,0,,,,,,,,,,
DocumentReference.content.modifierExtension,,,,,,,,,,,,,,,,Y,Extension,Extension {[]} {[]},Extensions that cannot be ignored,Extensions that cannot be ignored even if unrecognized,"May be used to represent additional information that is not part of the basic definition of the element, and that modifies the understanding of the element that contains it. Usually modifier elements provide negation or qualification. In order to make the use of extensions safe and manageable, there is a strict set of governance applied to the definition and use of extensions. Though any implementer is allowed to define an extension, there is a set of requirements that SHALL be met as part of the definition of the extension. Applications processing a resource are required to check for modifier extensions.","May be used to represent additional information that is not part of the basic definition of the element and that modifies the understanding of the element in which it is contained and/or the understanding of the containing element's descendants. Usually modifier elements provide negation or qualification. To make the use of extensions safe and manageable, there is a strict set of governance applied to the definition and use of extensions. Though any implementer can define an extension, there is a set of requirements that SHALL be met as part of the definition of the extension. Applications processing a resource are required to check for modifier extensions.

Modifier extensions SHALL NOT change the meaning of any elements on Resource or DomainResource (including cannot change the meaning of modifierExtension itself).",,,,"Modifier extensions allow for extensions that *cannot* be safely ignored to be clearly distinguished from the vast majority of extensions which can be safely ignored.  This promotes interoperability by eliminating the need for implementers to prohibit the presence of extensions. For further information, see the [definition of modifier extensions](http://hl7.org/fhir/R4/extensibility.html#modifierExtension).",,,,,,,,,,,,,DocumentReference.content.modifierExtension,BackboneElement.modifierExtension,0.0,0,,,,,,"ele-1:All FHIR elements must have a @value or children {hasValue() or (children().count() > id.count())}
ext-1:Must have either extensions or value[x], not both {extension.exists() != value.exists()}",,,,
DocumentReference.context,,,,,,,,,,,,,,,,Y,BackboneElement,BackboneElement {[]} {[]},,,,,,,,,,,,,,,,,,,,,,,0.0,0,,,,,,ele-1:All FHIR elements must have a @value or children {hasValue() or (children().count() > id.count())},,,,
DocumentReference.context.encounter,,,,,,,,,,,,Y,,,Y,,Reference {http://hl7.org/fhir/StructureDefinition/Encounter},Reference {[]} {[CanonicalType[http://hl7.org/fhir/us/core/StructureDefinition/us-core-encounter]]},,,,,,,,,,,,,,,,,,,,,,,0.0,0,1,*,,,,ele-1:All FHIR elements must have a @value or children {hasValue() or (children().count() > id.count())},"unique(highest(./outboundRelationship[typeCode=""SUBJ"" and isNormalActRelationship()], priorityNumber)/target[moodCode=""EVN"" and classCode=(""ENC"", ""PCPR"") and isNormalAct])",Event.context,,
DocumentReference.context.event,,,,,,,,,,,,,,,Y,,CodeableConcept,CodeableConcept {[]} {[]},Main Clinical Acts Documented,Main clinical acts documented,"This list of codes represents the main clinical acts, such as a colonoscopy or an appendectomy, being documented. In some cases, the event is inherent in the typeCode, such as a ""History and Physical Report"" in which the procedure being documented is necessarily a ""History and Physical"" act.","This list of codes represents the main clinical acts, such as a colonoscopy or an appendectomy, being documented. In some cases, the event is inherent in the type Code, such as a ""History and Physical Report"" in which the procedure being documented is necessarily a ""History and Physical"" act.",,,,,,,,,,,http://hl7.org/fhir/ValueSet/v3-ActCode,http://terminology.hl7.org/ValueSet/v3-ActCode,,,,,,,0.0,0,,,,,,ele-1:All FHIR elements must have a @value or children {hasValue() or (children().count() > id.count())},.code,Composition.event.code,,
DocumentReference.context.extension,,,,,,,,,,,,,,,,,Extension,Extension {[]} {[]},Additional Content defined by implementations,Additional content defined by implementations,"May be used to represent additional information that is not part of the basic definition of the element. In order to make the use of extensions safe and manageable, there is a strict set of governance  applied to the definition and use of extensions. Though any implementer is allowed to define an extension, there is a set of requirements that SHALL be met as part of the definition of the extension.","May be used to represent additional information that is not part of the basic definition of the element. To make the use of extensions safe and manageable, there is a strict set of governance  applied to the definition and use of extensions. Though any implementer can define an extension, there is a set of requirements that SHALL be met as part of the definition of the extension.",,,,,,,,,,,,,,,,,DocumentReference.context.extension,Element.extension,0.0,0,,,,,,"ele-1:All FHIR elements must have a @value or children {hasValue() or (children().count() > id.count())}
ext-1:Must have either extensions or value[x], not both {extension.exists() != value.exists()}",,,,
DocumentReference.context.facilityType,,,,,,,,,,,,,,,Y,,CodeableConcept,CodeableConcept {[]} {[]},,,,,,,,,,,,,,,,,,,,,,,0.0,0,,,,,,ele-1:All FHIR elements must have a @value or children {hasValue() or (children().count() > id.count())},".participation[typeCode=""LOC""].role[classCode=""DSDLOC""].code",usually from a mapping to a local ValueSet,,
DocumentReference.context.id,,,,,,,,,,,,,,,,,id,string {[]} {[]},xml:id (or equivalent in JSON),Unique id for inter-element referencing,unique id for the element within a resource (for internal references).,Unique id for the element within a resource (for internal references). This may be any string value that does not contain spaces.,,,,,,,,,,,,,,,,,DocumentReference.context.id,Element.id,0.0,0,,,,,,,,,,
DocumentReference.context.modifierExtension,,,,,,,,,,,,,,,,Y,Extension,Extension {[]} {[]},Extensions that cannot be ignored,Extensions that cannot be ignored even if unrecognized,"May be used to represent additional information that is not part of the basic definition of the element, and that modifies the understanding of the element that contains it. Usually modifier elements provide negation or qualification. In order to make the use of extensions safe and manageable, there is a strict set of governance applied to the definition and use of extensions. Though any implementer is allowed to define an extension, there is a set of requirements that SHALL be met as part of the definition of the extension. Applications processing a resource are required to check for modifier extensions.","May be used to represent additional information that is not part of the basic definition of the element and that modifies the understanding of the element in which it is contained and/or the understanding of the containing element's descendants. Usually modifier elements provide negation or qualification. To make the use of extensions safe and manageable, there is a strict set of governance applied to the definition and use of extensions. Though any implementer can define an extension, there is a set of requirements that SHALL be met as part of the definition of the extension. Applications processing a resource are required to check for modifier extensions.

Modifier extensions SHALL NOT change the meaning of any elements on Resource or DomainResource (including cannot change the meaning of modifierExtension itself).",,,,"Modifier extensions allow for extensions that *cannot* be safely ignored to be clearly distinguished from the vast majority of extensions which can be safely ignored.  This promotes interoperability by eliminating the need for implementers to prohibit the presence of extensions. For further information, see the [definition of modifier extensions](http://hl7.org/fhir/R4/extensibility.html#modifierExtension).",,,,,,,,,,,,,DocumentReference.context.modifierExtension,BackboneElement.modifierExtension,0.0,0,,,,,,"ele-1:All FHIR elements must have a @value or children {hasValue() or (children().count() > id.count())}
ext-1:Must have either extensions or value[x], not both {extension.exists() != value.exists()}",,,,
DocumentReference.context.period,,,,,,,,,,,,,,,,Y,Period,Period {[]} {[]},,,,,,,,,,,,,,,,,,,,,,,0.0,0,,,,,,ele-1:All FHIR elements must have a @value or children {hasValue() or (children().count() > id.count())},.effectiveTime,Composition.event.period,,
DocumentReference.context.practiceSetting,,,,,,,,,,,,,,,Y,,CodeableConcept,CodeableConcept {[]} {[]},,,,,"The value set for this content has an example binding because it is a value set decided by community policy. Other examples exist for consideration: * HITSP created the table HITSP/C80 Table 2-148 Clinical Specialty Value Set (a value set based upon SNOMED CT which is referenced by Direct (XDR and XDM for Direct Messaging Specification, Version 1), as well as Nationwide Health Information Network (NHIN).  Query for Documents, Web Service Interface Specification, V 3.0, 07/27/2011 * ELGA (Austria) (ELGA CDA Implementie-rungsleitfäden Registrierung von CDA Dokumenten für ELGA mit IHE Cross-Enterprise Document Sharing: XDS Metadaten (XDSDocumentEntry), [1.2.40.0.34.7.6.3] * XDS Connect-a-thon practiceSettingCode.","This element should be based on a coarse classification system for the class of specialty practice. Recommend the use of the classification system for Practice Setting, such as that described by the Subject Matter Domain in LOINC.",,,,,,,,,,,,,,,,,0.0,0,,,,,,ele-1:All FHIR elements must have a @value or children {hasValue() or (children().count() > id.count())},".participation[typeCode=""LOC""].role[classCode=""DSDLOC""].code",usually from a mapping to a local ValueSet,,
DocumentReference.context.related,,,,,,,,,,,,,,,Y,,BackboneElement,Reference {[]} {[CanonicalType[http://hl7.org/fhir/StructureDefinition/Resource]]},,,,,,,,,,,,,,,,,,,,,,,0.0,0,,,,,,ele-1:All FHIR elements must have a @value or children {hasValue() or (children().count() > id.count())},"./outboundRelationship[typeCode=""PERT"" and isNormalActRelationship()] / target[isNormalAct]",Composition.event.detail,,
DocumentReference.context.related.extension,DocumentReference.context.related.extension,,,,"extensions
user content",,0.0,,*,,,,,,,,Extension,,Additional Content defined by implementations,,"May be used to represent additional information that is not part of the basic definition of the element. In order to make the use of extensions safe and manageable, there is a strict set of governance  applied to the definition and use of extensions. Though any implementer is allowed to define an extension, there is a set of requirements that SHALL be met as part of the definition of the extension.",,"There can be no stigma associated with the use of extensions by any application, project, or standard - regardless of the institution or jurisdiction that uses or defines the extensions.  The use of extensions is what allows the FHIR specification to retain a core level of simplicity for everyone.",,,,,,,,,,,,,,,,DocumentReference.context.related.extension,,0.0,,*,,,,,,,,,left_only
DocumentReference.context.related.id,DocumentReference.context.related.id,,,,,,0.0,,1,,,,,,,,id,,xml:id (or equivalent in JSON),,unique id for the element within a resource (for internal references).,,,,,,,,,,,,,,,,,,DocumentReference.context.related.id,,0.0,,1,,,,,,,,,left_only
DocumentReference.context.related.identifier,DocumentReference.context.related.identifier,,,,,,0.0,,1,,,,,,Y,,Identifier,,Identifier of related objects or events,,Related identifier to this DocumentReference. If both id and ref are present they shall refer to the same thing.,,"Order numbers, accession numbers, XDW workflow numbers.",,,,,,,,,,,,,,,,DocumentReference.context.related.identifier,,0.0,,1,,,,,,"./outboundRelationship[typeCode=""PERT"" and isNormalActRelationship()] / target[isNormalAct] .id",,,left_only
DocumentReference.context.related.modifierExtension,DocumentReference.context.related.modifierExtension,,,,"extensions
user contentmodifiers",,0.0,,*,,,,Y,,,,Extension,,Extensions that cannot be ignored,,"May be used to represent additional information that is not part of the basic definition of the element, and that modifies the understanding of the element that contains it. Usually modifier elements provide negation or qualification. In order to make the use of extensions safe and manageable, there is a strict set of governance applied to the definition and use of extensions. Though any implementer is allowed to define an extension, there is a set of requirements that SHALL be met as part of the definition of the extension. Applications processing a resource are required to check for modifier extensions.",,"There can be no stigma associated with the use of extensions by any application, project, or standard - regardless of the institution or jurisdiction that uses or defines the extensions.  The use of extensions is what allows the FHIR specification to retain a core level of simplicity for everyone.",,,,,,,,,,,,,,,,DocumentReference.context.related.modifierExtension,,0.0,,*,,,,,,,,,left_only
DocumentReference.context.related.ref,DocumentReference.context.related.ref,,,,,,0.0,,1,,,,,,Y,,Reference {http://hl7.org/fhir/StructureDefinition/Resource},,Related Resource,,Related Resource to this DocumentReference. If both id and ref are present they shall refer to the same thing.,,"Order, DiagnosticOrder,  Procedure, EligibilityRequest, etc.",,,,,,,,,,,,,,,,DocumentReference.context.related.ref,,0.0,,1,,,,,,"./outboundRelationship[typeCode=""PERT"" and isNormalActRelationship()] / target[isNormalAct].text.reference",,,left_only
DocumentReference.context.sourcePatientInfo,,,,,,,,,,,,,,,Y,,Reference {http://hl7.org/fhir/StructureDefinition/Patient},Reference {[]} {[CanonicalType[http://hl7.org/fhir/StructureDefinition/Patient]]},,,,,,,,,,,,,,,,,,,,,,,0.0,0,,,,,,ele-1:All FHIR elements must have a @value or children {hasValue() or (children().count() > id.count())},".participation[typeCode=""SBJ""].role[typeCode=""PAT""]",Composition.subject,,
DocumentReference.created,DocumentReference.created,,,,,,0.0,,1,,Y,,,,,,dateTime,,Document creation time,,When the document was created.,,"Creation time is used for tracking, organizing versions and searching. This is the creation time of the document, not the source material on which it is based.",,,,,,,,,,,,,,,,DocumentReference.created,,0.0,,1,,,,,,".effectiveTime[type=""TS""]",,,left_only
DocumentReference.custodian,,,,,,,,,,,,,,,Y,,Reference {http://hl7.org/fhir/StructureDefinition/Organization},Reference {[]} {[CanonicalType[http://hl7.org/fhir/StructureDefinition/Organization]]},,,,,"Identifies the logical organization to go to find the current version, where to report issues, etc. This is different from the physical location of the document, which is the technical location of the document, which host may be delegated to the management of some other organization.","Identifies the logical organization (software system, vendor, or department) to go to find the current version, where to report issues, etc. This is different from the physical location (URL, disk drive, or server) of the document, which is the technical location of the document, which host may be delegated to the management of some other organization.",,,,,,,,,,,,,,,,,0.0,0,,,,,,ele-1:All FHIR elements must have a @value or children {hasValue() or (children().count() > id.count())},".participation[typeCode=""RCV""].role[classCode=""CUST""].scoper[classCode=""ORG"" and determinerCode=""INST""]",Event.performer.actor,,
DocumentReference.date,,DocumentReference.date,,,,indexed,,0.0,,1,,Y,,,,Y,,instant {[]} {[]},,When this document reference was created,,When the document reference was created.,,"Referencing/indexing time is used for tracking, organizing versions and searching.",,,,,,,,,,,,,,,,DocumentReference.date,,0,,1,,,,ele-1:All FHIR elements must have a @value or children {hasValue() or (children().count() > id.count())},,Event.occurrence[x],right_only,
DocumentReference.description,,,,,,,,,,,,,,,,,string,string {[]} {[]},Human-readable description (title),Human-readable description,"Human-readable description of the source document. This is sometimes known as the ""title"".",Human-readable description of the source document.,"What the document is about, rather than a terse summary of the document. It is commonly the case that records do not have a title and are collectively referred to by the display name of Record code (e.g. a ""consultation"" or ""progress note"").","What the document is about,  a terse summary of the document.",,,,,,,,,,,,,,,,,0.0,0,,,,,,ele-1:All FHIR elements must have a @value or children {hasValue() or (children().count() > id.count())},,,,
DocumentReference.docStatus,,,,,,,,,,,,,,,,,CodeableConcept,code {[]} {[]},preliminary | final | appended | amended | entered-in-error,preliminary | final | amended | entered-in-error,,,,,,,,,,,,,http://hl7.org/fhir/ValueSet/composition-status,http://hl7.org/fhir/ValueSet/composition-status|4.0.1,,,,,,,0.0,0,,,,,,ele-1:All FHIR elements must have a @value or children {hasValue() or (children().count() > id.count())},.statusCode,Composition.status,,
DocumentReference.extension,,,,,,,,,,,,,,,,,Extension,Extension {[]} {[]},Additional Content defined by implementations,Additional content defined by implementations,"May be used to represent additional information that is not part of the basic definition of the resource. In order to make the use of extensions safe and manageable, there is a strict set of governance  applied to the definition and use of extensions. Though any implementer is allowed to define an extension, there is a set of requirements that SHALL be met as part of the definition of the extension.","May be used to represent additional information that is not part of the basic definition of the resource. To make the use of extensions safe and manageable, there is a strict set of governance  applied to the definition and use of extensions. Though any implementer can define an extension, there is a set of requirements that SHALL be met as part of the definition of the extension.",,,,,,,,,,,,,,,,,DocumentReference.extension,DomainResource.extension,0.0,0,,,,,,"ele-1:All FHIR elements must have a @value or children {hasValue() or (children().count() > id.count())}
ext-1:Must have either extensions or value[x], not both {extension.exists() != value.exists()}",,,,
DocumentReference.id,,,,,,,,,,,,,,,,,id,string {[]} {[]},,,,,"The only time that a resource does not have an id is when it is being submitted to the server using a create operation. Bundles always have an id, though it is usually a generated UUID.",The only time that a resource does not have an id is when it is being submitted to the server using a create operation.,,,,,,,,,,,,,,,DocumentReference.id,Resource.id,0.0,0,,,,,,,,,,
DocumentReference.identifier,,,,,,,,,1,*,,,,,,Y,Identifier,Identifier {[]} {[]},,,,,,,,,,,,,,,,,,,,,,,0.0,0,,,,,,ele-1:All FHIR elements must have a @value or children {hasValue() or (children().count() > id.count())},.id / .setId,Event.identifier,,
DocumentReference.implicitRules,,,,,,,,,,,,,,,,,uri,uri {[]} {[]},,,"A reference to a set of rules that were followed when the resource was constructed, and which must be understood when processing the content.","A reference to a set of rules that were followed when the resource was constructed, and which must be understood when processing the content. Often, this is a reference to an implementation guide that defines the special rules along with other profiles etc.","Asserting this rule set restricts the content to be only understood by a limited set of trading partners. This inherently limits the usefulness of the data in the long term. However, the existing health eco-system is highly fractured, and not yet ready to define, collect, and exchange data in a generally computable sense. Wherever possible, implementers and/or specification writers should avoid using this element as much as possible.","Asserting this rule set restricts the content to be only understood by a limited set of trading partners. This inherently limits the usefulness of the data in the long term. However, the existing health eco-system is highly fractured, and not yet ready to define, collect, and exchange data in a generally computable sense. Wherever possible, implementers and/or specification writers should avoid using this element. Often, when used, the URL is a reference to an implementation guide that defines these special rules as part of it's narrative along with other profiles, value sets, etc.",,,,,,,,,,,,,,,DocumentReference.implicitRules,Resource.implicitRules,0.0,0,,,,,,ele-1:All FHIR elements must have a @value or children {hasValue() or (children().count() > id.count())},,,,
DocumentReference.indexed,DocumentReference.indexed,,,,,,1.0,,1,,Y,,,,,,instant,,When this document reference created,,When the document reference was created.,,"Referencing/indexing time is used for tracking, organizing versions and searching.",,,,,,,,,,,,,,,,DocumentReference.indexed,,1.0,,1,,,,,,".availabilityTime[type=""TS""]",,,left_only
DocumentReference.language,,,,,,,,,,,,,,,,,code,code {[]} {[]},,,,,"Language is provided to support indexing and accessibility (typically, services such as text to speech use the language tag). The html language tag in the narrative applies  to the narrative. The language tag on the resource may be used to specify the language of other presentations generated from the data in the resource  Not all the content has to be in the base language. The Resource.language should not be assumed to apply to the narrative automatically. If a language is specified, it should it also be specified on the div element in the html (see rules in HTML5 for information about the relationship between xml:lang and the html lang attribute).","Language is provided to support indexing and accessibility (typically, services such as text to speech use the language tag). The html language tag in the narrative applies  to the narrative. The language tag on the resource may be used to specify the language of other presentations generated from the data in the resource. Not all the content has to be in the base language. The Resource.language should not be assumed to apply to the narrative automatically. If a language is specified, it should it also be specified on the div element in the html (see rules in HTML5 for information about the relationship between xml:lang and the html lang attribute).",,,,,required,preferred,,,http://tools.ietf.org/html/bcp47,http://hl7.org/fhir/ValueSet/languages,,,,,DocumentReference.language,Resource.language,0.0,0,,,,,,ele-1:All FHIR elements must have a @value or children {hasValue() or (children().count() > id.count())},,,,
DocumentReference.masterIdentifier,,,,,,,,,,,,,,,,,Identifier,Identifier {[]} {[]},,,,,,,"The structure and format of this Id shall be consistent with the specification corresponding to the formatCode attribute. (e.g. for a DICOM standard document a 64 character numeric UID, for an HL7 CDA format a serialization of the CDA Document Id extension and root in the form ""oid^extension"", where OID is a 64 digits max, and the Id is a 16 UTF-8 char max. If the OID is coded without the extension then the '^' character shall not be included.).","The structure and format of this Id shall be consistent with the specification corresponding to the formatCode attribute. (e.g. for a DICOM standard document a 64-character numeric UID, for an HL7 CDA format a serialization of the CDA Document Id extension and root in the form ""oid^extension"", where OID is a 64 digits max, and the Id is a 16 UTF-8 char max. If the OID is coded without the extension then the '^' character shall not be included.).",,,,,,,,,,,,,,,0.0,0,,,,,,ele-1:All FHIR elements must have a @value or children {hasValue() or (children().count() > id.count())},.id,Event.identifier,,
DocumentReference.meta,,,,,,,,,,,,,,,,,Meta,Meta {[]} {[]},,,The metadata about the resource. This is content that is maintained by the infrastructure. Changes to the content may not always be associated with version changes to the resource.,The metadata about the resource. This is content that is maintained by the infrastructure. Changes to the content might not always be associated with version changes to the resource.,,,,,,,,,,,,,,,,,DocumentReference.meta,Resource.meta,0.0,0,,,,,,ele-1:All FHIR elements must have a @value or children {hasValue() or (children().count() > id.count())},,,,
DocumentReference.modifierExtension,,,,,,,,,,,,,,,,,Extension,Extension {[]} {[]},,,"May be used to represent additional information that is not part of the basic definition of the resource, and that modifies the understanding of the element that contains it. Usually modifier elements provide negation or qualification. In order to make the use of extensions safe and manageable, there is a strict set of governance applied to the definition and use of extensions. Though any implementer is allowed to define an extension, there is a set of requirements that SHALL be met as part of the definition of the extension. Applications processing a resource are required to check for modifier extensions.","May be used to represent additional information that is not part of the basic definition of the resource and that modifies the understanding of the element that contains it and/or the understanding of the containing element's descendants. Usually modifier elements provide negation or qualification. To make the use of extensions safe and manageable, there is a strict set of governance applied to the definition and use of extensions. Though any implementer is allowed to define an extension, there is a set of requirements that SHALL be met as part of the definition of the extension. Applications processing a resource are required to check for modifier extensions.

Modifier extensions SHALL NOT change the meaning of any elements on Resource or DomainResource (including cannot change the meaning of modifierExtension itself).",,,,"Modifier extensions allow for extensions that *cannot* be safely ignored to be clearly distinguished from the vast majority of extensions which can be safely ignored.  This promotes interoperability by eliminating the need for implementers to prohibit the presence of extensions. For further information, see the [definition of modifier extensions](http://hl7.org/fhir/R4/extensibility.html#modifierExtension).",,,,,,,,,,,,,DocumentReference.modifierExtension,DomainResource.modifierExtension,0.0,0,,,,,,"ele-1:All FHIR elements must have a @value or children {hasValue() or (children().count() > id.count())}
ext-1:Must have either extensions or value[x], not both {extension.exists() != value.exists()}",,,,
DocumentReference.relatesTo,,,,,,,,,,,,,Y,,,,BackboneElement,BackboneElement {[]} {[]},,,,,,This element is labeled as a modifier because documents that append to other documents are incomplete on their own.,,,,,,,,,,,,,,,,,0.0,0,,,,,,ele-1:All FHIR elements must have a @value or children {hasValue() or (children().count() > id.count())},.outboundRelationship,Composition.relatesTo,,
DocumentReference.relatesTo.code,,,,,,,,,,,,,,,,,code,code {[]} {[]},,,,,,,,,,,,,,,http://hl7.org/fhir/ValueSet/document-relationship-type,http://hl7.org/fhir/ValueSet/document-relationship-type|4.0.1,,,,,,,1.0,1,,,,,,ele-1:All FHIR elements must have a @value or children {hasValue() or (children().count() > id.count())},.outboundRelationship.typeCode,Composition.relatesTo.code,,
DocumentReference.relatesTo.extension,,,,,,,,,,,,,,,,,Extension,Extension {[]} {[]},Additional Content defined by implementations,Additional content defined by implementations,"May be used to represent additional information that is not part of the basic definition of the element. In order to make the use of extensions safe and manageable, there is a strict set of governance  applied to the definition and use of extensions. Though any implementer is allowed to define an extension, there is a set of requirements that SHALL be met as part of the definition of the extension.","May be used to represent additional information that is not part of the basic definition of the element. To make the use of extensions safe and manageable, there is a strict set of governance  applied to the definition and use of extensions. Though any implementer can define an extension, there is a set of requirements that SHALL be met as part of the definition of the extension.",,,,,,,,,,,,,,,,,DocumentReference.relatesTo.extension,Element.extension,0.0,0,,,,,,"ele-1:All FHIR elements must have a @value or children {hasValue() or (children().count() > id.count())}
ext-1:Must have either extensions or value[x], not both {extension.exists() != value.exists()}",,,,
DocumentReference.relatesTo.id,,,,,,,,,,,,,,,,,id,string {[]} {[]},xml:id (or equivalent in JSON),Unique id for inter-element referencing,unique id for the element within a resource (for internal references).,Unique id for the element within a resource (for internal references). This may be any string value that does not contain spaces.,,,,,,,,,,,,,,,,,DocumentReference.relatesTo.id,Element.id,0.0,0,,,,,,,,,,
DocumentReference.relatesTo.modifierExtension,,,,,,,,,,,,,,,,Y,Extension,Extension {[]} {[]},Extensions that cannot be ignored,Extensions that cannot be ignored even if unrecognized,"May be used to represent additional information that is not part of the basic definition of the element, and that modifies the understanding of the element that contains it. Usually modifier elements provide negation or qualification. In order to make the use of extensions safe and manageable, there is a strict set of governance applied to the definition and use of extensions. Though any implementer is allowed to define an extension, there is a set of requirements that SHALL be met as part of the definition of the extension. Applications processing a resource are required to check for modifier extensions.","May be used to represent additional information that is not part of the basic definition of the element and that modifies the understanding of the element in which it is contained and/or the understanding of the containing element's descendants. Usually modifier elements provide negation or qualification. To make the use of extensions safe and manageable, there is a strict set of governance applied to the definition and use of extensions. Though any implementer can define an extension, there is a set of requirements that SHALL be met as part of the definition of the extension. Applications processing a resource are required to check for modifier extensions.

Modifier extensions SHALL NOT change the meaning of any elements on Resource or DomainResource (including cannot change the meaning of modifierExtension itself).",,,,"Modifier extensions allow for extensions that *cannot* be safely ignored to be clearly distinguished from the vast majority of extensions which can be safely ignored.  This promotes interoperability by eliminating the need for implementers to prohibit the presence of extensions. For further information, see the [definition of modifier extensions](http://hl7.org/fhir/R4/extensibility.html#modifierExtension).",,,,,,,,,,,,,DocumentReference.relatesTo.modifierExtension,BackboneElement.modifierExtension,0.0,0,,,,,,"ele-1:All FHIR elements must have a @value or children {hasValue() or (children().count() > id.count())}
ext-1:Must have either extensions or value[x], not both {extension.exists() != value.exists()}",,,,
DocumentReference.relatesTo.target,,,,,,,,,,,,,,,,,Reference {http://hl7.org/fhir/StructureDefinition/DocumentReference},Reference {[]} {[CanonicalType[http://hl7.org/fhir/StructureDefinition/DocumentReference]]},,,,,,,,,,,,,,,,,,,,,,,1.0,1,,,,,,ele-1:All FHIR elements must have a @value or children {hasValue() or (children().count() > id.count())},".target[classCode=""DOC"", moodCode=""EVN""].id",Composition.relatesTo.target,,
DocumentReference.securityLabel,,,,,,,,,,,,,,,,,CodeableConcept,CodeableConcept {[]} {[]},,,,,"The confidentiality codes can carry multiple vocabulary items. HL7 has developed an understanding of security and privacy tags that might be desirable in a Document Sharing environment, called HL7 Healthcare Privacy and Security Classification System (HCS). The following specification is recommended but not mandated, as the vocabulary bindings are an administrative domain responsibility. The use of this method is up to the policy domain such as the XDS Affinity Domain or other Trust Domain where all parties including sender and recipients are trusted to appropriately tag and enforce.   In the HL7 Healthcare Privacy and Security Classification (HCS) there are code systems specific to Confidentiality, Sensitivity, Integrity, and Handling Caveats. Some values would come from a local vocabulary as they are related to workflow roles and special projects.","The confidentiality codes can carry multiple vocabulary items. HL7 has developed an understanding of security and privacy tags that might be desirable in a Document Sharing environment, called HL7 Healthcare Privacy and Security Classification System (HCS). The following specification is recommended but not mandated, as the vocabulary bindings are an administrative domain responsibility. The use of this method is up to the policy domain such as the XDS Affinity Domain or other Trust Domain where all parties including sender and recipients are trusted to appropriately tag and enforce.   

In the HL7 Healthcare Privacy and Security Classification (HCS) there are code systems specific to Confidentiality, Sensitivity, Integrity, and Handling Caveats. Some values would come from a local vocabulary as they are related to workflow roles and special projects.",,,,,,,,,,,,,,,,,0.0,0,,,,,,ele-1:All FHIR elements must have a @value or children {hasValue() or (children().count() > id.count())},.confidentialityCode,"Composition.confidentiality, Composition.meta.security",,
DocumentReference.status,,,,,,,,,,,,,,,,Y,code,code {[]} {[]},,,,,"This is the status of the DocumentReference object, which might be independent from the docStatus element.","This is the status of the DocumentReference object, which might be independent from the docStatus element.

This element is labeled as a modifier because the status contains the codes that mark the document or reference as not currently valid.",,,,,,,,,,,,,,,,,1.0,1,,,,,,ele-1:All FHIR elements must have a @value or children {hasValue() or (children().count() > id.count())},"interim: .completionCode=""IN"" & ./statusCode[isNormalDatatype()]=""active"";  final: .completionCode=""AU"" &&  ./statusCode[isNormalDatatype()]=""complete"" and not(./inboundRelationship[typeCode=""SUBJ"" and isNormalActRelationship()]/source[subsumesCode(""ActClass#CACT"") and moodCode=""EVN"" and domainMember(""ReviseDocument"", code) and isNormalAct()]);  amended: .completionCode=""AU"" &&  ./statusCode[isNormalDatatype()]=""complete"" and ./inboundRelationship[typeCode=""SUBJ"" and isNormalActRelationship()]/source[subsumesCode(""ActClass#CACT"") and moodCode=""EVN"" and domainMember(""ReviseDocument"", code) and isNormalAct() and statusCode=""completed""];  withdrawn : .completionCode=NI &&  ./statusCode[isNormalDatatype()]=""obsolete""",Event.status,,
DocumentReference.subject,,,,,,,,,,,,,,,,Y,Reference {http://fhir.org/guides/argonaut/StructureDefinition/argo-patient},Reference {[]} {[CanonicalType[http://hl7.org/fhir/us/core/StructureDefinition/us-core-patient]]},,,,,,,,,,,,,,,,,,,,,,,0.0,0,,,,,,ele-1:All FHIR elements must have a @value or children {hasValue() or (children().count() > id.count())},".participation[typeCode=""SBJ""].role[typeCode=""PAT""]",Event.subject,,
DocumentReference.text,,,,,,,,,,,,,,,,,Narrative,Narrative {[]} {[]},,,"A human-readable narrative that contains a summary of the resource, and may be used to represent the content of the resource to a human. The narrative need not encode all the structured data, but is required to contain sufficient detail to make it ""clinically safe"" for a human to just read the narrative. Resource definitions may define what content should be represented in the narrative to ensure clinical safety.","A human-readable narrative that contains a summary of the resource and can be used to represent the content of the resource to a human. The narrative need not encode all the structured data, but is required to contain sufficient detail to make it ""clinically safe"" for a human to just read the narrative. Resource definitions may define what content should be represented in the narrative to ensure clinical safety.",Contained resources do not have narrative. Resources that are not contained SHOULD have a narrative.,"Contained resources do not have narrative. Resources that are not contained SHOULD have a narrative. In some cases, a resource may only have text with little or no additional discrete data (as long as all minOccurs=1 elements are satisfied).  This may be necessary for data from legacy systems where information is captured as a ""text blob"" or where text is additionally entered raw or narrated and encoded information is added later.",,,,,,,,,,,,,,,DocumentReference.text,DomainResource.text,0.0,0,,,dom-1,,,ele-1:All FHIR elements must have a @value or children {hasValue() or (children().count() > id.count())},,,,
DocumentReference.type,,,,,,,,,,,,,,,,Y,CodeableConcept,CodeableConcept {[]} {[]},,,,,"Key metadata element describing the document, used in searching/filtering.",Key metadata element describing the document that describes he exact type of document. Helps humans to assess whether the document is of interest when viewing a list of documents.,,,,,,,,All LOINC  values whose SCALE is DOC in the LOINC database and the HL7 v3 Code System NullFlavor concept 'unknown',http://hl7.org/fhir/ValueSet/c80-doc-typecodes,http://hl7.org/fhir/us/core/ValueSet/us-core-documentreference-type,,,,,,,1.0,0,,,,,,ele-1:All FHIR elements must have a @value or children {hasValue() or (children().count() > id.count())},./code,Event.code,,
