,Path,Path,Slice Name,Slice Name,Alias(s),Alias(s),Min,Min,Max,Max,Must Support?,Must Support?,Is Summary?,Is Summary?,Type(s),Type(s),Short,Short,Definition,Definition,Comments,Comments,Requirements,Requirements,Pattern,Pattern,Binding Strength,Binding Strength,Binding Description,Binding Description,Binding Value Set,Binding Value Set,Slicing Discriminator,Slicing Discriminator,Slicing Rules,Slicing Rules,Base Path,Base Path,Base Min,Base Min,Base Max,Base Max,Condition(s),Condition(s),Constraint(s),Constraint(s),_merge,_merge
,self,other,self,other,self,other,self,other,self,other,self,other,self,other,self,other,self,other,self,other,self,other,self,other,self,other,self,other,self,other,self,other,self,other,self,other,self,other,self,other,self,other,self,other,self,other,self,other
Path_id,,,,,,,,,,,,,,,,,,,,,,,,,,,,,,,,,,,,,,,,,,,,,,,,
Condition,,Condition,,,,,,0.0,,*,,,,,,,,"Detailed information about conditions, problems or diagnoses",,\-,,\-,,,,,,,,,,,,,,Condition,,0,,*,,,,"con-3:Condition.clinicalStatus SHALL be present if verificationStatus is not entered-in-error and category is problem-list-item {clinicalStatus.exists() or verificationStatus.coding.where(system='http://terminology.hl7.org/CodeSystem/condition-ver-status' and code = 'entered-in-error').exists() or category.select($this='problem-list-item').empty()}
con-4:If condition is abated, then clinicalStatus must be either inactive, resolved, or remission {abatement.empty() or clinicalStatus.coding.where(system='http://terminology.hl7.org/CodeSystem/condition-clinical' and (code='resolved' or code='remission' or code='inactive')).exists()}con-5:Condition.clinicalStatus SHALL NOT be present if verification Status is entered-in-error {verificationStatus.coding.where(system='http://terminology.hl7.org/CodeSystem/condition-ver-status' and code='entered-in-error').empty() or clinicalStatus.empty()}dom-2:If the resource is contained in another resource, it SHALL NOT contain nested Resources {contained.contained.empty()}dom-3:If the resource is contained in another resource, it SHALL be referred to from elsewhere in the resource or SHALL refer to the containing resource {contained.where((('#'+id in (%resource.descendants().reference | %resource.descendants().as(canonical) | %resource.descendants().as(uri) | %resource.descendants().as(url))) or descendants().where(reference = '#').exists() or descendants().where(as(canonical) = '#').exists() or descendants().where(as(canonical) = '#').exists()).not()).trace('unmatched', id).empty()}dom-4:If a resource is contained in another resource, it SHALL NOT have a meta.versionId or a meta.lastUpdated {contained.meta.versionId.empty() and contained.meta.lastUpdated.empty()}dom-5:If a resource is contained in another resource, it SHALL NOT have a security label {contained.meta.security.empty()}dom-6:A resource should have narrative for robust management {text.`div`.exists()}",,Event,right_only,
Condition-argoprofile,Condition,,argoprofile,,,,0.0,,*,,,,,,,,Argonaut Condition Profile,,"Use to record detailed information about conditions, problems or diagnoses recognized by a clinician. There are many uses including: recording a diagnosis during an encounter; populating a problem list or a summary statement, such as a discharge summary.",,,,,,,,,,,,,,,,Condition,,0.0,,*,,,,arg-1:Condition.clinicalStatus SHALL be present if verificationStatus is not entered-in-error. Condition.clinicalStatus SHALL NOT be present if verification Status is entered-in-error {clinicalStatus.exists() = (verificationStatus != 'entered-in-error')},,Condition,,,left_only
Condition.abatement[x],,,,,,,,,,,,Y,Y,,"dateTime
Quantity {http://hl7.org/fhir/StructureDefinition/Age}booleanPeriodRangestring","dateTime {[]} {[]}
Age {[]} {[]}Period {[]} {[]}Range {[]} {[]}string {[]} {[]}",If/when in resolution/remission,When in resolution/remission,,,"There is no explicit distinction between resolution and remission because in many cases the distinction is not clear. Age is generally used when the patient reports an age at which the Condition abated.  If there is no abatement element, it is unknown whether the condition has resolved or entered remission; applications and users should generally assume that the condition is still valid.","There is no explicit distinction between resolution and remission because in many cases the distinction is not clear. Age is generally used when the patient reports an age at which the Condition abated.  If there is no abatement element, it is unknown whether the condition has resolved or entered remission; applications and users should generally assume that the condition is still valid.  When abatementString exists, it implies the condition is abated.",,,,,,,,,,,,,,,0.0,0,,,,con-4,,ele-1:All FHIR elements must have a @value or children {hasValue() or (children().count() > id.count())},,,,
Condition.asserter,,,,,,,,,,,,,,,"Reference {http://hl7.org/fhir/StructureDefinition/Practitioner}
Reference {http://hl7.org/fhir/StructureDefinition/Patient}","Reference {[]} {[CanonicalType[http://hl7.org/fhir/StructureDefinition/Practitioner], CanonicalType[http://hl7.org/fhir/StructureDefinition/PractitionerRole], CanonicalType[http://hl7.org/fhir/StructureDefinition/Patient], CanonicalType[http://hl7.org/fhir/StructureDefinition/RelatedPerson]]}",,,,,,,,,,,,,,,,,,,,,0.0,0,,,,,,ele-1:All FHIR elements must have a @value or children {hasValue() or (children().count() > id.count())},,,,
Condition.bodySite,,,,,,,,,,,,,,,CodeableConcept,CodeableConcept {[]} {[]},,,,,"May be a summary code, or a reference to a very precise definition of the location, or both.","Only used if not implicit in code found in Condition.code. If the use case requires attributes from the BodySite resource (e.g. to identify and track separately) then use the standard extension [bodySite](http://hl7.org/fhir/R4/extension-bodysite.html).  May be a summary code, or a reference to a very precise definition of the location, or both.",,,,,,,,,,,,,,,0.0,0,,,,,,ele-1:All FHIR elements must have a @value or children {hasValue() or (children().count() > id.count())},.targetBodySiteCode,< 442083009  |Anatomical or acquired body structure|,,
Condition.category,,,,,,,,,1,*,,Y,,,CodeableConcept,CodeableConcept {[]} {[]},complaint | symptom | finding | diagnosis,category codes,,,,,,,,,preferred,extensible,Extended category code valueset to support the intent of the separate concepts of problems and health concerns,A category assigned to the condition.,http://fhir.org/guides/argonaut/ValueSet/condition-category,http://hl7.org/fhir/ValueSet/condition-category,,pattern:$this},Condition.category,open,0.0,Condition.category,1,0,,*,,,Condition.category,ele-1:All FHIR elements must have a @value or children {hasValue() or (children().count() > id.count())},,
Condition.category-sdoh,,Condition.category,,sdoh,,,,0.0,,1,,Y,,,,CodeableConcept {[]} {[]},,problem-list-item | encounter-diagnosis,,A category assigned to the condition.,,The categorization is often highly contextual and may appear poorly differentiated or not very useful in other contexts.,,,,"<valueCodeableConcept xmlns=""http://hl7.org/fhir"">
  <coding>
    <system value=""http://hl7.org/fhir/us/core/CodeSystem/us-core-tags""/>
    <code value=""sdoh""/>
  </coding>
</valueCodeableConcept>",,extensible,,A category assigned to the condition.,,http://hl7.org/fhir/ValueSet/condition-category,,,,Condition.category,,0,,*,,,,ele-1:All FHIR elements must have a @value or children {hasValue() or (children().count() > id.count())},,< 404684003 |Clinical finding|,right_only,
Condition.category-us-core,,Condition.category,,us-core,,,,1.0,,*,,Y,,,,CodeableConcept {[]} {[]},,problem-list-item | health-concern,,A category assigned to the condition.,,The categorization is often highly contextual and may appear poorly differentiated or not very useful in other contexts.,,,,,,required,,,,http://hl7.org/fhir/us/core/ValueSet/us-core-problem-or-health-concern,,,,Condition.category,,0,,*,,,,ele-1:All FHIR elements must have a @value or children {hasValue() or (children().count() > id.count())},,< 404684003 |Clinical finding|,right_only,
Condition.clinicalStatus,,,,,,,,,,,,,,Y,code,CodeableConcept {[]} {[]},active | relapse | remission | resolved,active | recurrence | relapse | inactive | remission | resolved,,,,"The data type is CodeableConcept because clinicalStatus has some clinical judgment involved, such that there might need to be more specificity than the required FHIR value set allows. For example, a SNOMED coding might allow for additional specificity.",,,,,,,,,,,,,,,0.0,0,,,,"con-3
con-4con-5",,ele-1:All FHIR elements must have a @value or children {hasValue() or (children().count() > id.count())},Condition.clinicalStatus,Event.status,,
Condition.code,,,,,,type,,,,,,,,Y,CodeableConcept,CodeableConcept {[]} {[]},,,,,,,,0..1 to account for primarily narrative only resources.,,,,,,,http://hl7.org/fhir/ValueSet/daf-problem,http://hl7.org/fhir/us/core/ValueSet/us-core-condition-code,,,,,1.0,0,,,,,,ele-1:All FHIR elements must have a @value or children {hasValue() or (children().count() > id.count())},Condition.code,Event.code,,
Condition.contained,,,,,,,,,,,,,,,Resource,Resource {[]} {[]},,,,,"This should never be done when the content can be identified properly, as once identification is lost, it is extremely difficult (and context dependent) to restore it again.","This should never be done when the content can be identified properly, as once identification is lost, it is extremely difficult (and context dependent) to restore it again. Contained resources may have profiles and tags In their meta elements, but SHALL NOT have security labels.",,,,,,,,,,,,,Condition.contained,DomainResource.contained,0.0,0,,,,,,,,,,
Condition.dateRecorded,Condition.dateRecorded,,,,,,0.0,,1,,,,Y,,date,,When first entered,,"A date, when  the Condition statement was documented.",,"The Date Recorded represents the date when this particular Condition record was created in the EHR, not the date of the most recent update in terms of when severity, abatement, etc. were specified. Â The date of the last record modification can be retrieved from the resource metadata.",,,,,,,,,,,,,,Condition.dateRecorded,,0.0,,1,,,,,,REL-11,,,left_only
Condition.encounter,,,,,,,,,,,,,,,Reference {http://hl7.org/fhir/StructureDefinition/Encounter},Reference {[]} {[CanonicalType[http://hl7.org/fhir/StructureDefinition/Encounter]]},Encounter when condition first asserted,Encounter created as part of,Encounter during which the condition was first asserted.,The Encounter during which this Condition was created or to which the creation of this record is tightly associated.,"This record indicates the encounter this particular record is associated with.  In the case of a ""new"" diagnosis reflecting ongoing/revised information about the condition, this might be distinct from the first encounter in which the underlying condition was first ""known"".","This will typically be the encounter the event occurred within, but some activities may be initiated prior to or after the official completion of an encounter but still be tied to the context of the encounter. This record indicates the encounter this particular record is associated with.  In the case of a ""new"" diagnosis reflecting ongoing/revised information about the condition, this might be distinct from the first encounter in which the underlying condition was first ""known"".",,,,,,,,,,,,,,,0.0,0,,,,,,ele-1:All FHIR elements must have a @value or children {hasValue() or (children().count() > id.count())},PV1-19 (+PV1-54),Event.context,,
Condition.evidence,,,,,,,,,,,,,Y,,BackboneElement,BackboneElement {[]} {[]},,,Supporting Evidence / manifestations that are the basis on which this condition is suspected or confirmed.,"Supporting evidence / manifestations that are the basis of the Condition's verification status, such as evidence that confirmed or refuted the condition.",,,,,,,,,,,,,,,,,0.0,0,,,,,con-2:evidence SHALL have code or details {null},"con-2:evidence SHALL have code or details {code.exists() or detail.exists()}
ele-1:All FHIR elements must have a @value or children {hasValue() or (children().count() > id.count())}",,,,
Condition.evidence.code,,,,,,,,,1,*,,,,,CodeableConcept,CodeableConcept {[]} {[]},,,,,,,,,,,,,,,,,,,,,0.0,0,1,*,,,,ele-1:All FHIR elements must have a @value or children {hasValue() or (children().count() > id.count())},"[code=""diagnosis""].value",Event.reasonCode,,
Condition.evidence.detail,,,,,,,,,,,,,,,Reference {http://hl7.org/fhir/StructureDefinition/Resource},Reference {[]} {[CanonicalType[http://hl7.org/fhir/StructureDefinition/Resource]]},,,,,,,,,,,,,,,,,,,,,0.0,0,,,,,,ele-1:All FHIR elements must have a @value or children {hasValue() or (children().count() > id.count())},,,,
Condition.evidence.extension,,,,,,,,,,,,,,,Extension,Extension {[]} {[]},Additional Content defined by implementations,Additional content defined by implementations,"May be used to represent additional information that is not part of the basic definition of the element. In order to make the use of extensions safe and manageable, there is a strict set of governance  applied to the definition and use of extensions. Though any implementer is allowed to define an extension, there is a set of requirements that SHALL be met as part of the definition of the extension.","May be used to represent additional information that is not part of the basic definition of the element. To make the use of extensions safe and manageable, there is a strict set of governance  applied to the definition and use of extensions. Though any implementer can define an extension, there is a set of requirements that SHALL be met as part of the definition of the extension.",,,,,,,,,,,,,,,Condition.evidence.extension,Element.extension,0.0,0,,,,,,"ele-1:All FHIR elements must have a @value or children {hasValue() or (children().count() > id.count())}
ext-1:Must have either extensions or value[x], not both {extension.exists() != value.exists()}",,,,
Condition.evidence.id,,,,,,,,,,,,,,,id,string {[]} {[]},xml:id (or equivalent in JSON),Unique id for inter-element referencing,unique id for the element within a resource (for internal references).,Unique id for the element within a resource (for internal references). This may be any string value that does not contain spaces.,,,,,,,,,,,,,,,Condition.evidence.id,Element.id,0.0,0,,,,,,,,,,
Condition.evidence.modifierExtension,,,,,,,,,,,,,,Y,Extension,Extension {[]} {[]},Extensions that cannot be ignored,Extensions that cannot be ignored even if unrecognized,"May be used to represent additional information that is not part of the basic definition of the element, and that modifies the understanding of the element that contains it. Usually modifier elements provide negation or qualification. In order to make the use of extensions safe and manageable, there is a strict set of governance applied to the definition and use of extensions. Though any implementer is allowed to define an extension, there is a set of requirements that SHALL be met as part of the definition of the extension. Applications processing a resource are required to check for modifier extensions.","May be used to represent additional information that is not part of the basic definition of the element and that modifies the understanding of the element in which it is contained and/or the understanding of the containing element's descendants. Usually modifier elements provide negation or qualification. To make the use of extensions safe and manageable, there is a strict set of governance applied to the definition and use of extensions. Though any implementer can define an extension, there is a set of requirements that SHALL be met as part of the definition of the extension. Applications processing a resource are required to check for modifier extensions.

Modifier extensions SHALL NOT change the meaning of any elements on Resource or DomainResource (including cannot change the meaning of modifierExtension itself).",,,,"Modifier extensions allow for extensions that *cannot* be safely ignored to be clearly distinguished from the vast majority of extensions which can be safely ignored.  This promotes interoperability by eliminating the need for implementers to prohibit the presence of extensions. For further information, see the [definition of modifier extensions](http://hl7.org/fhir/R4/extensibility.html#modifierExtension).",,,,,,,,,,,Condition.evidence.modifierExtension,BackboneElement.modifierExtension,0.0,0,,,,,,"ele-1:All FHIR elements must have a @value or children {hasValue() or (children().count() > id.count())}
ext-1:Must have either extensions or value[x], not both {extension.exists() != value.exists()}",,,,
Condition.extension,,,,,"extensions
user content",,,,,,,,,,Extension,Extension {[]} {[]},Additional Content defined by implementations,Extension,"May be used to represent additional information that is not part of the basic definition of the resource. In order to make the use of extensions safe and manageable, there is a strict set of governance  applied to the definition and use of extensions. Though any implementer is allowed to define an extension, there is a set of requirements that SHALL be met as part of the definition of the extension.",An Extension,"There can be no stigma associated with the use of extensions by any application, project, or standard - regardless of the institution or jurisdiction that uses or defines the extensions.  The use of extensions is what allows the FHIR specification to retain a core level of simplicity for everyone.",,,,,,,,,,,,,value:url},Condition.extension,open,0.0,DomainResource.extension,*,0,,*,,,,"ele-1:All FHIR elements must have a @value or children {hasValue() or (children().count() > id.count())}
ext-1:Must have either extensions or value[x], not both {extension.exists() != value.exists()}",,
Condition.extension-assertedDate,,Condition.extension,,assertedDate,,,,0.0,,1,,Y,,,,Extension {[CanonicalType[http://hl7.org/fhir/StructureDefinition/condition-assertedDate]]} {[]},,Date the condition was first asserted,,The date on which the existence of the Condition was first asserted or acknowledged.,,The assertedDate is in the context of the recording practitioner and might not be the same as the recordedDate.,,,,,,,,,,,,,,DomainResource.extension,,0,,*,,ele-1,,"ele-1:All FHIR elements must have a @value or children {hasValue() or (children().count() > id.count())}
ext-1:Must have either extensions or value[x], not both {extension.exists() != value.exists()}",,,right_only,
Condition.id,,,,,,,,,,,,,,,id,string {[]} {[]},,,,,"The only time that a resource does not have an id is when it is being submitted to the server using a create operation. Bundles always have an id, though it is usually a generated UUID.",The only time that a resource does not have an id is when it is being submitted to the server using a create operation.,,,,,,,,,,,,,Condition.id,Resource.id,0.0,0,,,,,,,,,,
Condition.identifier,,,,,,,,,,,,,,,Identifier,Identifier {[]} {[]},,,"This records identifiers associated with this condition that are defined by business processes and/or used to refer to it when a direct URL reference to the resource itself is not appropriate (e.g. in CDA documents, or in written / printed documentation).",Business identifiers assigned to this condition by the performer or other systems which remain constant as the resource is updated and propagates from server to server.,,"This is a business identifier, not a resource identifier (see [discussion](http://hl7.org/fhir/R4/resource.html#identifiers)).  It is best practice for the identifier to only appear on a single resource instance, however business practices may occasionally dictate that multiple resource instances with the same identifier can exist - possibly even with different resource types.  For example, multiple Patient and a Person resource instance might share the same social insurance number.",Need to allow connection to a wider workflow.,Allows identification of the condition as it is known by various participating systems and in a way that remains consistent across servers.,,,,,,,,,,,,,0.0,0,,,,,,ele-1:All FHIR elements must have a @value or children {hasValue() or (children().count() > id.count())},.id,Event.identifier,,
Condition.implicitRules,,,,,,,,,,,,,,,uri,uri {[]} {[]},,,"A reference to a set of rules that were followed when the resource was constructed, and which must be understood when processing the content.","A reference to a set of rules that were followed when the resource was constructed, and which must be understood when processing the content. Often, this is a reference to an implementation guide that defines the special rules along with other profiles etc.","Asserting this rule set restricts the content to be only understood by a limited set of trading partners. This inherently limits the usefulness of the data in the long term. However, the existing health eco-system is highly fractured, and not yet ready to define, collect, and exchange data in a generally computable sense. Wherever possible, implementers and/or specification writers should avoid using this element as much as possible.","Asserting this rule set restricts the content to be only understood by a limited set of trading partners. This inherently limits the usefulness of the data in the long term. However, the existing health eco-system is highly fractured, and not yet ready to define, collect, and exchange data in a generally computable sense. Wherever possible, implementers and/or specification writers should avoid using this element. Often, when used, the URL is a reference to an implementation guide that defines these special rules as part of it's narrative along with other profiles, value sets, etc.",,,,,,,,,,,,,Condition.implicitRules,Resource.implicitRules,0.0,0,,,,,,ele-1:All FHIR elements must have a @value or children {hasValue() or (children().count() > id.count())},,,,
Condition.language,,,,,,,,,,,,,,,code,code {[]} {[]},,,,,"Language is provided to support indexing and accessibility (typically, services such as text to speech use the language tag). The html language tag in the narrative applies  to the narrative. The language tag on the resource may be used to specify the language of other presentations generated from the data in the resource  Not all the content has to be in the base language. The Resource.language should not be assumed to apply to the narrative automatically. If a language is specified, it should it also be specified on the div element in the html (see rules in HTML5 for information about the relationship between xml:lang and the html lang attribute).","Language is provided to support indexing and accessibility (typically, services such as text to speech use the language tag). The html language tag in the narrative applies  to the narrative. The language tag on the resource may be used to specify the language of other presentations generated from the data in the resource. Not all the content has to be in the base language. The Resource.language should not be assumed to apply to the narrative automatically. If a language is specified, it should it also be specified on the div element in the html (see rules in HTML5 for information about the relationship between xml:lang and the html lang attribute).",,,,,required,preferred,,,http://tools.ietf.org/html/bcp47,http://hl7.org/fhir/ValueSet/languages,,,Condition.language,Resource.language,0.0,0,,,,,,ele-1:All FHIR elements must have a @value or children {hasValue() or (children().count() > id.count())},,,,
Condition.meta,,,,,,,,,,,,,,,Meta,Meta {[]} {[]},,,The metadata about the resource. This is content that is maintained by the infrastructure. Changes to the content may not always be associated with version changes to the resource.,The metadata about the resource. This is content that is maintained by the infrastructure. Changes to the content might not always be associated with version changes to the resource.,,,,,,,,,,,,,,,Condition.meta,Resource.meta,0.0,0,,,,,,ele-1:All FHIR elements must have a @value or children {hasValue() or (children().count() > id.count())},,,,
Condition.modifierExtension,,,,,,,,,,,,,,,Extension,Extension {[]} {[]},,,"May be used to represent additional information that is not part of the basic definition of the resource, and that modifies the understanding of the element that contains it. Usually modifier elements provide negation or qualification. In order to make the use of extensions safe and manageable, there is a strict set of governance applied to the definition and use of extensions. Though any implementer is allowed to define an extension, there is a set of requirements that SHALL be met as part of the definition of the extension. Applications processing a resource are required to check for modifier extensions.","May be used to represent additional information that is not part of the basic definition of the resource and that modifies the understanding of the element that contains it and/or the understanding of the containing element's descendants. Usually modifier elements provide negation or qualification. To make the use of extensions safe and manageable, there is a strict set of governance applied to the definition and use of extensions. Though any implementer is allowed to define an extension, there is a set of requirements that SHALL be met as part of the definition of the extension. Applications processing a resource are required to check for modifier extensions.

Modifier extensions SHALL NOT change the meaning of any elements on Resource or DomainResource (including cannot change the meaning of modifierExtension itself).",,,,"Modifier extensions allow for extensions that *cannot* be safely ignored to be clearly distinguished from the vast majority of extensions which can be safely ignored.  This promotes interoperability by eliminating the need for implementers to prohibit the presence of extensions. For further information, see the [definition of modifier extensions](http://hl7.org/fhir/R4/extensibility.html#modifierExtension).",,,,,,,,,,,Condition.modifierExtension,DomainResource.modifierExtension,0.0,0,,,,,,"ele-1:All FHIR elements must have a @value or children {hasValue() or (children().count() > id.count())}
ext-1:Must have either extensions or value[x], not both {extension.exists() != value.exists()}",,,,
Condition.note,,Condition.note,,,,,,0.0,,*,,,,,,Annotation {[]} {[]},,Additional information about the Condition,,"Additional information about the Condition. This is a general notes/comments entry  for description of the Condition, its diagnosis and prognosis.",,,,,,,,,,,,,,,,Condition.note,,0,,*,,,,ele-1:All FHIR elements must have a @value or children {hasValue() or (children().count() > id.count())},,Event.note,right_only,
Condition.notes,Condition.notes,,,,,,0.0,,1,,,,Y,,string,,Additional information about the Condition,,"Additional information about the Condition. This is a general notes/comments entry  for description of the Condition, its diagnosis and prognosis.",,,,,,,,,,,,,,,,Condition.notes,,0.0,,1,,,,,,NTE child of PRB,,,left_only
Condition.onset[x],,,,,,,,,,,,Y,,,"dateTime
Quantity {http://hl7.org/fhir/StructureDefinition/Age}PeriodRangestring","dateTime {[]} {[]}
Age {[]} {[]}Period {[]} {[]}Range {[]} {[]}string {[]} {[]}",,,,,,,,,,,,,,,,,,,,,0.0,0,,,,,,ele-1:All FHIR elements must have a @value or children {hasValue() or (children().count() > id.count())},PRB-16,Event.occurrence[x],,
Condition.patient,Condition.patient,,,,,,1.0,,1,,Y,,,,Reference {http://fhir.org/guides/argonaut/StructureDefinition/argo-patient},,Who has the condition?,,Indicates the patient who the condition record is associated with.,,,,,,,,,,,,,,,,Condition.patient,,1.0,,1,,,,,,Condition.patient,,,left_only
Condition.recordedDate,,Condition.recordedDate,,,,,,0.0,,1,,Y,,Y,,dateTime {[]} {[]},,Date record was first recorded,,"The recordedDate represents when this particular Condition record was created in the system, which is often a system-generated date.",,,,,,,,,,,,,,,,Condition.recordedDate,,0,,1,,,,ele-1:All FHIR elements must have a @value or children {hasValue() or (children().count() > id.count())},,REL-11,right_only,
Condition.recorder,,Condition.recorder,,,,,,0.0,,1,,,,Y,,"Reference {[]} {[CanonicalType[http://hl7.org/fhir/StructureDefinition/Practitioner], CanonicalType[http://hl7.org/fhir/StructureDefinition/PractitionerRole], CanonicalType[http://hl7.org/fhir/StructureDefinition/Patient], CanonicalType[http://hl7.org/fhir/StructureDefinition/RelatedPerson]]}",,Who recorded the condition,,Individual who recorded the record and takes responsibility for its content.,,,,,,,,,,,,,,,,Condition.recorder,,0,,1,,,,ele-1:All FHIR elements must have a @value or children {hasValue() or (children().count() > id.count())},,.participation[typeCode=AUT].role,right_only,
Condition.severity,,,,,,,,,,,,,Y,,CodeableConcept,CodeableConcept {[]} {[]},,,,,,,,,,,,,,,,,,,,,0.0,0,,,,,,ele-1:All FHIR elements must have a @value or children {hasValue() or (children().count() > id.count())},PRB-26 / ABS-3,< 272141005 |Severities|,,
Condition.stage,,,,,,,,,1,*,,,Y,,BackboneElement,BackboneElement {[]} {[]},,,,,,,,,,,,,,,,,,,,,0.0,0,1,*,,,con-1:Stage SHALL have summary or assessment {null},"con-1:Stage SHALL have summary or assessment {summary.exists() or assessment.exists()}
ele-1:All FHIR elements must have a @value or children {hasValue() or (children().count() > id.count())}",,,,
Condition.stage.assessment,,,,,,,,,,,,,Y,,"Reference {http://hl7.org/fhir/StructureDefinition/ClinicalImpression}
Reference {http://hl7.org/fhir/StructureDefinition/DiagnosticReport}Reference {http://hl7.org/fhir/StructureDefinition/Observation}","Reference {[]} {[CanonicalType[http://hl7.org/fhir/StructureDefinition/ClinicalImpression], CanonicalType[http://hl7.org/fhir/StructureDefinition/DiagnosticReport], CanonicalType[http://hl7.org/fhir/StructureDefinition/Observation]]}",,,,,,,,,,,,,,,,,,,,,0.0,0,,,,,,ele-1:All FHIR elements must have a @value or children {hasValue() or (children().count() > id.count())},,,,
Condition.stage.extension,,,,,,,,,,,,,,,Extension,Extension {[]} {[]},Additional Content defined by implementations,Additional content defined by implementations,"May be used to represent additional information that is not part of the basic definition of the element. In order to make the use of extensions safe and manageable, there is a strict set of governance  applied to the definition and use of extensions. Though any implementer is allowed to define an extension, there is a set of requirements that SHALL be met as part of the definition of the extension.","May be used to represent additional information that is not part of the basic definition of the element. To make the use of extensions safe and manageable, there is a strict set of governance  applied to the definition and use of extensions. Though any implementer can define an extension, there is a set of requirements that SHALL be met as part of the definition of the extension.",,,,,,,,,,,,,,,Condition.stage.extension,Element.extension,0.0,0,,,,,,"ele-1:All FHIR elements must have a @value or children {hasValue() or (children().count() > id.count())}
ext-1:Must have either extensions or value[x], not both {extension.exists() != value.exists()}",,,,
Condition.stage.id,,,,,,,,,,,,,,,id,string {[]} {[]},xml:id (or equivalent in JSON),Unique id for inter-element referencing,unique id for the element within a resource (for internal references).,Unique id for the element within a resource (for internal references). This may be any string value that does not contain spaces.,,,,,,,,,,,,,,,Condition.stage.id,Element.id,0.0,0,,,,,,,,,,
Condition.stage.modifierExtension,,,,,,,,,,,,,,Y,Extension,Extension {[]} {[]},Extensions that cannot be ignored,Extensions that cannot be ignored even if unrecognized,"May be used to represent additional information that is not part of the basic definition of the element, and that modifies the understanding of the element that contains it. Usually modifier elements provide negation or qualification. In order to make the use of extensions safe and manageable, there is a strict set of governance applied to the definition and use of extensions. Though any implementer is allowed to define an extension, there is a set of requirements that SHALL be met as part of the definition of the extension. Applications processing a resource are required to check for modifier extensions.","May be used to represent additional information that is not part of the basic definition of the element and that modifies the understanding of the element in which it is contained and/or the understanding of the containing element's descendants. Usually modifier elements provide negation or qualification. To make the use of extensions safe and manageable, there is a strict set of governance applied to the definition and use of extensions. Though any implementer can define an extension, there is a set of requirements that SHALL be met as part of the definition of the extension. Applications processing a resource are required to check for modifier extensions.

Modifier extensions SHALL NOT change the meaning of any elements on Resource or DomainResource (including cannot change the meaning of modifierExtension itself).",,,,"Modifier extensions allow for extensions that *cannot* be safely ignored to be clearly distinguished from the vast majority of extensions which can be safely ignored.  This promotes interoperability by eliminating the need for implementers to prohibit the presence of extensions. For further information, see the [definition of modifier extensions](http://hl7.org/fhir/R4/extensibility.html#modifierExtension).",,,,,,,,,,,Condition.stage.modifierExtension,BackboneElement.modifierExtension,0.0,0,,,,,,"ele-1:All FHIR elements must have a @value or children {hasValue() or (children().count() > id.count())}
ext-1:Must have either extensions or value[x], not both {extension.exists() != value.exists()}",,,,
Condition.stage.summary,,,,,,,,,,,,,Y,,CodeableConcept,CodeableConcept {[]} {[]},,,,,,,,,,,,,,,,,,,,,0.0,0,,,,,,ele-1:All FHIR elements must have a @value or children {hasValue() or (children().count() > id.count())},PRB-14,< 254291000 |Staging and scales|,,
Condition.stage.type,,Condition.stage.type,,,,,,0.0,,1,,,,,,CodeableConcept {[]} {[]},,Kind of staging,,"The kind of staging, such as pathological or clinical staging.",,,,,,,,example,,Codes describing the kind of condition staging (e.g. clinical or pathological).,,http://hl7.org/fhir/ValueSet/condition-stage-type,,,,Condition.stage.type,,0,,1,,,,ele-1:All FHIR elements must have a @value or children {hasValue() or (children().count() > id.count())},,"./inboundRelationship[typeCode=SUBJ].source[classCode=OBS, moodCode=EVN, code=""stage type""]",right_only,
Condition.subject,,Condition.subject,,,,patient,,1.0,,1,,Y,,Y,,Reference {[]} {[CanonicalType[http://hl7.org/fhir/us/core/StructureDefinition/us-core-patient]]},,Who has the condition?,,Indicates the patient or group who the condition record is associated with.,,,,Group is typically used for veterinary or public health use cases.,,,,,,,,,,,,Condition.subject,,1,,1,,,,ele-1:All FHIR elements must have a @value or children {hasValue() or (children().count() > id.count())},,Event.subject,right_only,
Condition.text,,,,,,,,,,,,,,,Narrative,Narrative {[]} {[]},,,"A human-readable narrative that contains a summary of the resource, and may be used to represent the content of the resource to a human. The narrative need not encode all the structured data, but is required to contain sufficient detail to make it ""clinically safe"" for a human to just read the narrative. Resource definitions may define what content should be represented in the narrative to ensure clinical safety.","A human-readable narrative that contains a summary of the resource and can be used to represent the content of the resource to a human. The narrative need not encode all the structured data, but is required to contain sufficient detail to make it ""clinically safe"" for a human to just read the narrative. Resource definitions may define what content should be represented in the narrative to ensure clinical safety.",Contained resources do not have narrative. Resources that are not contained SHOULD have a narrative.,"Contained resources do not have narrative. Resources that are not contained SHOULD have a narrative. In some cases, a resource may only have text with little or no additional discrete data (as long as all minOccurs=1 elements are satisfied).  This may be necessary for data from legacy systems where information is captured as a ""text blob"" or where text is additionally entered raw or narrated and encoded information is added later.",,,,,,,,,,,,,Condition.text,DomainResource.text,0.0,0,,,dom-1,,,ele-1:All FHIR elements must have a @value or children {hasValue() or (children().count() > id.count())},,,,
Condition.verificationStatus,,,,,,,1.0,0.0,,,,,,Y,code,CodeableConcept {[]} {[]},provisional | differential | confirmed | refuted | entered-in-error | unknown,unconfirmed | provisional | differential | confirmed | refuted | entered-in-error,,,,"verificationStatus is not required.  For example, when a patient has abdominal pain in the ED, there is not likely going to be a verification status.
The data type is CodeableConcept because verificationStatus has some clinical judgment involved, such that there might need to be more specificity than the required FHIR value set allows. For example, a SNOMED coding might allow for additional specificity.",,,,,,,,,,,,,,,1.0,0,,,,"con-3
con-5",,ele-1:All FHIR elements must have a @value or children {hasValue() or (children().count() > id.count())},Condition.verificationStatus,Event.status,,
